date,Overall,ADA,BNB,BTC,ETH,Meme,Mixed,SOL,TON,USDC,USDT,XRP
2023-01-01,83.2208,,69.0900,77.2643,,83.2600,93.1774,,,,,62.4200
2023-01-02,86.0237,,61.3150,84.0773,98.5250,58.8950,96.8684,96.3000,,,,70.8944
2023-01-03,78.6246,,,90.5079,79.0881,84.0400,82.5832,97.9350,,,36.0850,92.2631
2023-01-04,73.2430,,58.8852,81.7013,94.2576,65.9100,94.1093,,,,,88.5850
2023-01-05,64.7759,20.8850,,47.8148,96.1825,79.2950,96.8322,,,,10.7750,64.8000
2023-01-06,79.1097,87.3817,36.9077,50.2395,35.2000,97.4701,91.9014,14.2550,20.7050,,98.1900,97.0897
2023-01-07,81.0779,,5.7450,26.0516,,8.8750,53.4846,55.3800,99.9000,,,3.9150
2023-01-08,52.9990,,96.8550,74.6950,77.1150,,84.4414,,,,,
2023-01-09,66.9677,98.8700,,47.8625,61.5721,69.2996,87.7001,93.2250,,,,95.8450
2023-01-10,77.6037,,26.1650,77.1419,99.6613,70.0950,85.9104,,,,87.2748,83.1621
2023-01-11,74.1239,92.2100,91.1805,96.8542,79.2950,90.4400,78.3348,,,,99.7900,
2023-01-12,84.7650,88.2500,9.2850,90.0872,95.8188,86.6795,95.3616,63.2000,,,99.8300,97.2051
2023-01-13,74.4437,72.7613,14.5200,78.0662,76.3350,,76.2429,82.9850,,,,95.6200
2023-01-14,75.5466,,,70.7382,88.9826,67.0691,99.2716,,,,,73.8350
2023-01-15,78.0066,,76.0750,80.0457,96.1550,99.4930,67.4723,,,,,
2023-01-16,69.3225,,94.8950,63.2434,99.7850,61.3072,88.4266,76.7102,,,97.6400,84.5050
2023-01-17,69.8415,27.9800,73.9855,55.1387,,75.3618,54.3172,99.9350,26.9300,,99.6600,96.0671
2023-01-18,85.7611,,,88.3543,99.8252,96.5656,57.3121,92.0100,,,,72.0058
2023-01-19,79.4131,,,72.6141,44.6701,,83.0851,67.0000,61.3150,98.5000,,54.9886
2023-01-20,52.9536,27.9800,14.5200,89.2943,65.9100,72.0200,33.8122,72.5897,,,,96.1050
2023-01-21,81.3303,,,86.4842,85.4249,,91.1180,79.8985,,,99.5100,
2023-01-22,62.0123,,7.2700,84.8254,96.7687,,61.9181,73.2587,,,,67.8769
2023-01-23,91.6121,91.5650,,74.8665,96.1254,91.9950,96.5799,,,,,83.5088
2023-01-24,81.1524,80.6200,,97.9565,70.1825,89.2496,97.6081,60.9588,,73.8350,,88.4346
2023-01-25,77.5417,87.1500,,62.1613,91.4219,,95.2800,98.8900,,,,80.5449
2023-01-26,79.2099,97.5443,37.9068,72.7211,29.9499,80.0969,97.1274,82.9850,,,,
2023-01-27,77.0455,99.1750,26.1650,86.5756,,85.0275,77.6941,,,,,97.2550
2023-01-28,55.5396,79.0400,,31.9936,,91.5800,44.4509,,,,,
2023-01-29,87.3363,,,44.1271,,,93.8565,,,,98.9150,
2023-01-30,83.1975,97.9750,83.7850,39.2432,50.6148,,95.4213,25.7305,,,99.2350,79.2950
2023-01-31,81.4411,82.4363,26.1650,85.7406,98.3900,98.0800,96.1087,99.5200,,,98.3850,77.8387
2023-02-01,82.8892,,,60.8413,99.6600,93.4450,95.3504,,92.7750,,,93.2900
2023-02-02,80.3717,,,80.9737,94.4794,,94.4920,39.8850,72.9400,,99.7100,90.9441
2023-02-03,81.3759,99.5150,26.1650,96.4990,80.9350,,71.9516,,,,,78.9155
2023-02-04,62.8408,92.5157,,39.0343,70.1774,89.5300,71.7849,,,,,85.4800
2023-02-05,62.5948,71.5500,89.8200,67.8568,84.4100,94.8650,86.5504,,,,,42.8367
2023-02-06,75.2955,98.3150,62.0009,86.5172,,70.6529,70.7567,,,,,42.8212
2023-02-07,83.4500,89.9233,,73.5306,73.2997,,91.9125,89.2830,,,,61.3150
2023-02-08,61.3608,83.6083,26.1650,92.6692,95.8743,,63.6996,,,,,60.5002
2023-02-09,81.4358,,88.2500,73.7513,53.6525,89.2250,88.9524,31.9400,,,63.1900,27.9400
2023-02-10,79.9229,79.0375,,81.0666,85.8592,31.3438,61.1275,72.3688,,96.4350,,78.9089
2023-02-11,63.8788,77.4427,78.5950,78.9410,86.4367,55.5064,37.2614,75.9350,,,,8.8750
2023-02-12,72.9717,,,84.5749,70.1574,35.2000,92.0441,88.9150,7.2250,,,37.5000
2023-02-13,54.5485,,85.9300,44.4307,91.8825,37.2367,85.1816,,73.8350,,,91.9950
2023-02-14,78.4082,92.0100,53.8129,49.8539,90.4250,71.2616,95.9796,31.0725,,,,44.5909
2023-02-15,76.3779,96.4350,,54.0417,98.5589,65.4161,91.3251,,,,,56.4600
2023-02-16,65.9808,71.3591,,45.6612,91.9176,,42.0476,,,,,64.4991
2023-02-17,62.1841,84.0400,84.4650,86.2259,81.0972,90.7022,83.6363,77.1150,,,,60.1822
2023-02-18,73.7866,62.5000,53.8600,67.7979,62.1541,,88.3767,,,,,
2023-02-19,66.8427,99.3100,,71.5966,98.5800,53.1746,91.7570,,,,,
2023-02-20,74.8068,,,94.0437,93.9088,68.8490,95.4550,,,,,69.9024
2023-02-21,68.4688,98.5050,,83.4468,18.7550,91.1250,89.2314,61.3150,81.2450,,,31.3200
2023-02-22,78.4075,76.5740,,96.2603,54.3754,86.7502,80.6632,84.0400,22.5050,,,69.8354
2023-02-23,76.4252,59.9272,,58.7754,98.5092,28.9250,98.5007,82.4300,,,,77.8100
2023-02-24,75.2588,,,51.5332,89.9320,91.9633,97.5054,97.2050,,,,84.0495
2023-02-25,52.6777,57.1647,88.5850,50.4828,67.5436,97.6400,25.2188,,,95.0050,,
2023-02-26,67.8408,42.9700,,93.0759,68.3328,95.4300,70.7544,3.5000,,,,
2023-02-27,68.0374,,,91.2357,81.7277,48.7132,57.3884,,,,85.9200,24.4700
2023-02-28,81.4032,75.8940,,65.0712,83.0478,,95.2761,4.9450,,,64.8000,64.0852
2023-03-01,69.9857,,26.1650,87.8671,53.5044,60.1150,89.7853,,,86.5550,,94.5500
2023-03-02,64.3086,99.8800,,85.9908,79.4556,98.0200,94.6526,,,,,
2023-03-03,73.7020,85.0150,53.7255,72.1212,45.8444,97.1056,41.6648,,,,,88.2143
2023-03-04,47.9081,,,30.7894,17.7319,69.1120,30.6409,8.8300,,,,79.2134
2023-03-05,59.6865,,,47.0152,77.0956,96.9100,31.6823,94.3450,,,,68.0600
2023-03-06,65.9085,,90.6750,8.4604,85.9200,65.3178,87.9560,,,,,67.9789
2023-03-07,73.3020,61.3150,,82.0221,72.0426,,25.1378,93.6743,,,79.2950,45.1233
2023-03-08,85.7231,,63.4966,94.5424,,73.1132,99.0784,,,,,
2023-03-09,57.0536,3.9150,,18.7921,69.6739,,73.5100,7.2250,,,,88.9110
2023-03-10,69.4962,,,68.4709,66.5652,58.6139,56.9811,,,,,23.3622
2023-03-11,36.3425,58.2950,,80.1782,12.6908,85.2192,12.8386,8.2000,,24.1518,,
2023-03-12,52.6921,95.0283,,69.0392,22.1760,86.1599,30.0999,,,36.1861,,
2023-03-13,58.1424,,82.0338,58.0916,93.8950,55.9031,74.6377,16.9750,,77.3206,,70.0950
2023-03-14,73.8535,,,91.7210,75.9522,24.4700,85.6699,41.1450,13.6550,70.0523,,92.5850
2023-03-15,73.7199,,98.4100,48.2813,93.3135,56.5928,70.8606,,,28.9250,,80.8530
2023-03-16,63.7981,33.2813,,75.5346,81.6458,41.1050,16.9954,83.5250,12.4700,59.1900,,69.8684
2023-03-17,86.4412,96.3850,,88.0111,94.6532,47.1960,89.5533,,,,,60.0636
2023-03-18,65.6898,84.6202,,64.2382,71.7054,83.0076,,,,55.1350,,94.1700
2023-03-19,60.4147,92.8656,,59.6293,64.2891,33.0871,79.9700,79.3529,,,,89.8200
2023-03-20,69.1714,,26.1650,63.0727,64.7600,,89.6126,98.2850,,,,80.0936
2023-03-21,84.3789,83.0334,,95.7003,67.7690,87.3921,93.2976,,,,,
2023-03-22,81.8243,,26.1650,90.2988,57.0761,90.3700,85.6429,,,,,89.0069
2023-03-23,76.7560,85.0150,,36.4321,99.8057,96.9650,97.2036,,,,,71.0750
2023-03-24,60.1159,72.8150,,44.7994,68.9982,76.1822,48.8217,,,,,91.6155
2023-03-25,57.3305,,,82.0237,81.0200,50.3668,77.7524,,,,,
2023-03-26,65.0609,,,53.0177,96.5255,97.0650,26.1180,60.5307,,,,
2023-03-27,82.5946,,,84.6657,,51.0775,99.7138,58.0170,,,,85.6729
2023-03-28,72.9845,97.9500,59.3000,83.4940,84.0996,15.3850,93.8429,96.3600,,,,79.7990
2023-03-29,84.1274,90.8800,,67.2802,99.7864,94.1210,93.2820,78.3050,,25.3050,,52.2210
2023-03-30,70.0160,63.4071,96.4400,67.6762,40.2870,58.6967,84.4591,92.4050,,,,61.3150
2023-03-31,80.5474,60.2742,26.1650,92.6570,71.0292,95.5359,76.9712,92.5950,,,99.8950,64.8000
2023-04-01,75.2673,95.5000,98.6150,42.8022,45.0844,,68.1352,29.3900,,,,86.8750
2023-04-02,56.5378,,,69.3644,,90.8800,73.1077,,,61.3150,,91.8000
2023-04-03,72.0585,98.0106,,57.5749,7.1913,97.6050,83.0913,80.6200,,,,
2023-04-04,81.6001,98.7905,52.5800,88.7650,27.8502,85.9721,79.8082,,86.3450,,,55.9198
2023-04-05,87.6725,99.9350,,60.1872,94.3714,90.6300,90.7339,,,,,
2023-04-06,83.6112,,94.3900,97.7760,89.3421,,82.6092,,,,,
2023-04-07,64.9447,,,57.6256,71.2241,,66.1435,96.3600,,,,
2023-04-08,34.0333,85.4800,,4.7245,,,80.2763,,,,,
2023-04-09,71.6088,89.9600,35.2000,89.8094,72.2701,,65.4103,55.3250,,,,53.8600
2023-04-10,65.6664,,60.3930,81.7492,65.6797,90.1000,87.1250,,,,,49.1320
2023-04-11,73.0217,86.5202,,93.1885,98.5756,38.0100,48.1057,,,30.2600,,49.5761
2023-04-12,74.9371,93.4930,,59.5180,98.1277,,95.8049,83.9300,,,35.1950,84.5736
2023-04-13,83.8065,72.9400,,92.4055,60.1587,,92.0781,87.4335,,,85.7600,
2023-04-14,79.9182,96.4350,,66.7163,95.1293,21.7562,96.2890,,74.5250,,,81.8490
2023-04-15,65.9947,65.9100,63.6600,78.4289,93.3870,,43.7907,88.9150,,,,95.5152
2023-04-16,55.0877,3.7000,74.6950,17.0390,45.9265,,92.3778,85.0150,,,,
2023-04-17,86.8821,2.7000,,96.2300,98.2991,91.9365,79.5287,,,,,53.9760
2023-04-18,78.6660,11.4150,,78.6042,99.8250,,74.6775,,,,,
2023-04-19,82.1935,93.7500,,79.0460,61.9537,93.8963,89.7054,59.5993,,,,74.8509
2023-04-20,74.7273,,60.9834,69.8253,85.8661,93.1603,94.6462,,,96.8000,1.0700,85.2975
2023-04-21,88.8547,2.7000,,71.3891,26.1078,98.2850,92.3771,,72.0200,,,87.2383
2023-04-22,69.4094,,,99.3868,83.3100,96.6040,90.6269,,,,,28.1925
2023-04-23,56.0632,34.2436,,39.0001,1.4750,,65.6444,64.8000,,,5.8050,
2023-04-24,80.0853,,,62.6965,98.3856,57.0286,95.8305,96.4350,,,,94.3750
2023-04-25,76.0908,,,50.6521,98.2850,96.4179,62.7920,,,,99.6950,
2023-04-26,85.2736,,,88.2501,58.5700,93.2304,97.4317,61.3150,84.2095,38.6850,80.0400,76.7957
2023-04-27,73.2356,82.9466,,42.1792,65.9648,,87.4217,,,,,81.8112
2023-04-28,81.3703,,,85.1530,90.3746,67.0000,94.1431,73.8350,,,8.2000,79.1648
2023-04-29,73.0645,,,87.7134,,,85.1934,,,,,80.6200
2023-04-30,79.4127,,,78.5821,82.5431,85.9200,91.7805,,96.8550,,,21.3914
2023-05-01,82.8423,19.3800,,76.7535,,17.0150,91.5742,77.1150,,99.8900,,61.0725
2023-05-02,60.1652,89.4067,63.6600,32.0435,75.5300,95.6112,23.2739,12.1050,,,99.7200,51.4358
2023-05-03,73.3775,2.4150,,66.3998,82.4300,86.4949,78.7920,,99.2200,,,30.7475
2023-05-04,83.4116,,,77.5834,97.9199,95.6800,81.5441,98.4150,,,,
2023-05-05,83.5934,,,84.2475,99.0905,99.8700,69.5907,,,,,58.8950
2023-05-06,62.8817,2.1100,8.2000,64.8807,,70.3215,94.0350,83.8764,,,69.6950,95.9141
2023-05-07,76.8419,6.8750,,52.7826,81.8450,84.9275,93.3393,68.3397,,,,63.2975
2023-05-08,49.8716,,,52.0627,23.7867,73.4633,25.7826,,,,,63.2485
2023-05-09,77.8941,2.8400,91.0050,92.0877,,72.0200,82.3817,96.7806,,,,86.1716
2023-05-10,64.6479,32.8300,,79.8686,,65.5338,53.3461,,,,93.3751,75.4292
2023-05-11,70.4860,88.2500,,39.5796,88.9544,86.8858,79.8097,,,,,59.9206
2023-05-12,71.4265,79.5176,,61.5392,84.7781,95.5900,60.5014,,,,,60.6762
2023-05-13,77.8248,86.7550,,89.8713,47.6889,71.2492,87.1914,67.2540,,,,77.6940
2023-05-14,54.1887,31.9400,,34.0313,,91.3621,26.7328,92.6650,,,,63.0466
2023-05-15,84.8576,94.8550,,84.9787,2.5750,94.8141,85.7902,,96.5000,,97.6549,43.5571
2023-05-16,81.5438,,,92.3437,83.0730,,90.0646,,,,99.8200,81.7317
2023-05-17,86.9554,,,96.1635,96.3419,57.4292,82.3553,,,,,67.4651
2023-05-18,84.5040,,,86.0218,99.7350,43.1343,97.9434,,,,99.4350,85.1399
2023-05-19,74.0492,96.3798,,57.1626,77.4816,94.3000,70.7650,,,,,62.3708
2023-05-20,71.7282,85.4800,,83.1961,23.9200,,52.0406,18.5350,,,,77.9663
2023-05-21,64.0646,15.8656,,77.3741,81.2450,75.1675,96.2706,,,,,28.2123
2023-05-22,78.7093,62.8622,,84.3234,99.2583,61.2191,70.8750,,,,,42.3840
2023-05-23,89.6297,66.8840,,87.2072,98.8764,79.2055,97.0593,96.0850,20.0300,,96.0342,
2023-05-24,83.9900,,,82.8436,95.4050,85.2198,86.4693,,,,,54.8966
2023-05-25,85.5904,,96.2950,87.6895,96.7716,69.7400,87.1034,92.5250,,,44.4043,52.0720
2023-05-26,79.1974,,,90.9731,,68.8107,74.9878,,,67.0000,,50.0308
2023-05-27,67.5144,92.4050,,94.4250,,59.2846,65.2684,96.1750,,,,43.2895
2023-05-28,79.7561,80.3093,,53.5479,,,90.6854,,,,,95.1100
2023-05-29,88.6954,,,86.3579,91.5800,73.1204,92.8245,,,,99.8150,96.4300
2023-05-30,81.2529,97.3314,,74.9923,92.0482,70.7605,97.0761,84.8516,65.9100,,99.8100,56.0612
2023-05-31,85.6092,88.9150,,24.3715,53.7213,72.0200,89.8150,,,,98.7612,69.0354
2023-06-01,73.5128,,,74.0550,7.4900,66.9802,80.1606,,87.0800,,,81.5266
2023-06-02,82.1945,35.2000,,,76.3350,58.5797,81.5087,,,,,79.4956
2023-06-03,77.1289,23.6650,,91.7174,,87.5151,78.8761,17.8000,,,,66.6857
2023-06-04,78.7028,,,55.2519,,15.4600,66.3388,,,,,95.1100
2023-06-05,68.3792,,,82.1397,75.7916,,20.2518,92.5950,,,,91.2529
2023-06-06,68.2964,59.1363,84.5400,23.2156,98.9333,82.1782,72.6775,46.1400,97.6800,,,82.6173
2023-06-07,81.0044,22.1300,,88.3782,,72.8564,64.3718,,,,,79.9714
2023-06-08,73.2537,86.3450,,57.5644,,,96.5440,95.9527,,,98.2600,98.4160
2023-06-09,75.9467,96.2000,,47.2683,,96.2300,94.4873,,,90.0400,,
2023-06-10,62.1633,,99.9650,82.9708,,53.3386,56.5684,92.5950,,98.0900,,94.6026
2023-06-11,58.7066,63.6600,84.2394,34.7364,,33.7150,78.1433,62.2964,,,,
2023-06-12,81.6064,77.8700,30.9100,91.5089,57.4685,,83.4902,,,,,57.9883
2023-06-13,68.6841,86.7550,,70.2029,,96.9640,55.4458,,,,,72.9048
2023-06-14,83.7210,,41.1050,90.1917,44.5454,98.0200,88.1284,41.4500,,56.4000,99.8850,85.5167
2023-06-15,77.4929,99.7600,,78.9479,92.7216,97.0450,34.3416,,,,10.7750,55.3052
2023-06-16,79.7725,,40.3700,99.5750,81.8723,91.3550,82.9334,60.1150,,,,47.4200
2023-06-17,80.9265,85.9200,,96.1831,68.0600,90.9616,64.4640,,69.0900,,,74.7255
2023-06-18,80.2602,,,72.1409,,87.8950,89.8093,,,,,81.5500
2023-06-19,88.0678,95.5900,94.8916,94.2623,,93.0484,87.7893,,,,,80.5194
2023-06-20,87.4177,80.6200,93.8350,81.7527,44.8650,46.1613,98.0764,42.3450,,83.4100,,96.9100
2023-06-21,78.1305,14.5200,,93.1119,86.4860,,87.3041,,42.3450,68.0600,,85.6453
2023-06-22,91.0126,99.4450,,94.2753,91.1250,43.6371,99.5810,,,,43.6505,67.0578
2023-06-23,85.5170,,,98.2710,90.2001,81.1068,98.7285,,,,86.3450,82.1096
2023-06-24,76.7944,80.5500,40.1500,89.8565,,,73.9157,,,,,
2023-06-25,83.8896,,,78.1468,,31.7587,93.7988,,,,,70.3674
2023-06-26,79.2359,99.6850,,69.4977,99.8026,79.9700,74.3563,,88.2500,,99.8100,61.1884
2023-06-27,85.5676,,,89.1325,85.4806,98.5250,79.3390,,,,99.9000,94.2046
2023-06-28,71.6189,97.7250,1.2650,81.6518,60.4889,71.8740,79.1002,48.1340,,,,80.4433
2023-06-29,84.5263,80.5971,,99.3164,87.3350,80.6200,81.6301,,,,,92.5735
2023-06-30,88.3594,,,88.6510,90.4402,2.0800,98.4424,,,25.3050,99.6650,80.8618
2023-07-01,79.7265,63.6600,,78.5635,84.0666,84.8799,95.2780,98.3700,,,,71.0520
2023-07-02,65.6895,,,54.2494,80.7212,91.1180,50.0815,77.8700,87.8950,,,93.1250
2023-07-03,73.3080,,,93.2093,99.2125,80.7143,92.3691,,,,,88.1974
2023-07-04,67.6351,87.5300,,89.3235,93.1250,74.3550,95.7280,,,,,73.8350
2023-07-05,88.9874,,93.6000,93.3696,38.2800,51.1821,99.2542,95.1100,,,,93.5925
2023-07-06,72.9432,,,77.3720,90.8669,72.4093,67.5178,,,,,34.0294
2023-07-07,63.8224,,,76.2908,93.8437,71.0455,97.1650,31.9400,,,,86.8660
2023-07-08,68.8421,,,78.6310,90.3372,94.5445,35.6250,93.8950,,64.6200,99.6000,57.7365
2023-07-09,78.7669,,,77.5362,,96.5656,77.1578,98.2702,,,,48.0105
2023-07-10,82.7909,,,89.5337,,97.1073,80.6157,,,,,87.5787
2023-07-11,79.2695,,,92.7336,98.2086,52.7454,92.4243,,,,,87.8276
2023-07-12,77.9689,,93.7500,65.2179,56.9100,91.4950,91.8447,85.9972,,,97.8293,82.3250
2023-07-13,90.5961,,,89.8444,65.9100,95.8430,97.9450,9.6300,96.7450,,,67.9411
2023-07-14,81.5602,19.6400,,50.3375,88.6617,99.3200,97.7447,,,,,81.7194
2023-07-15,71.3334,,,63.0454,74.9150,81.9498,99.4400,,,,,75.8193
2023-07-16,70.5680,,55.1350,24.8870,80.6575,,68.2548,63.6600,,,,91.3115
2023-07-17,80.3179,,0.3250,87.8715,87.8789,,59.2142,,,,99.3865,82.5005
2023-07-18,79.6220,94.2500,55.1350,92.9900,74.1800,93.1578,73.1870,,,,96.5900,74.1597
2023-07-19,74.9570,,,87.4274,,95.9475,94.7810,99.1100,,,,96.2522
2023-07-20,72.5157,37.5000,,86.4331,67.0000,32.2757,79.6769,69.0900,,,,96.3903
2023-07-21,75.5178,,4.7900,54.8882,65.6876,99.9050,67.3923,98.8664,59.0150,,,70.2623
2023-07-22,83.5523,,,62.3637,97.3850,90.6300,96.7575,,,,58.8950,92.1422
2023-07-23,68.3822,2.0500,60.4072,70.0817,,73.5090,83.5250,61.9360,,,,85.1663
2023-07-24,80.0095,88.9650,,84.4589,98.4300,90.2223,95.9934,,,,,87.8232
2023-07-25,65.8788,,,94.8424,97.4650,97.6200,71.6661,,,,,35.8902
2023-07-26,65.9114,,98.7050,62.6221,64.0750,91.3432,95.2683,,,87.8950,,96.2300
2023-07-27,80.0569,,,50.2452,76.4273,99.8850,96.4385,58.7125,86.3450,,,88.8504
2023-07-28,76.6481,91.0250,,96.5157,97.2550,,83.2086,76.3350,,,,78.1775
2023-07-29,77.2870,,76.8600,53.1857,86.4094,95.4781,97.7265,,,,,74.0788
2023-07-30,61.6518,93.8950,,81.7613,4.5687,90.1629,84.6385,,,,,89.0467
2023-07-31,75.9798,,97.6400,47.9454,92.3251,99.0900,80.1401,99.9750,,,99.5650,45.2507
2023-08-01,41.6025,,,65.5453,89.8200,86.8825,4.6813,,,,,61.8319
2023-08-02,77.5805,97.4250,,84.6166,13.2450,99.0050,84.6638,,,,24.4700,38.9359
2023-08-03,70.6873,27.9800,,73.3950,60.2076,88.6288,86.6116,1.3250,,,,88.1913
2023-08-04,74.0183,99.1200,,82.0371,,91.9648,76.1768,,,,,79.5344
2023-08-05,87.0916,,,92.6699,58.6660,83.7230,85.8815,,,,79.7150,84.1735
2023-08-06,74.2361,94.6700,,77.6582,,74.8660,59.6469,64.6800,,,,76.1385
2023-08-07,78.6563,99.2800,,84.0841,99.7950,58.4408,95.9033,97.6900,,,99.6150,67.9719
2023-08-08,82.9520,,,81.9030,69.5503,64.8000,90.3987,,,,,
2023-08-09,89.6505,98.7350,,93.1927,96.1401,76.6509,95.5976,91.3550,,,99.8050,86.3450
2023-08-10,91.9781,11.2500,,68.3602,98.2925,95.1700,97.2371,71.0750,,,98.3050,88.2910
2023-08-11,72.5375,72.2250,,87.5836,9.2200,87.9847,40.6491,,,,99.5450,63.1328
2023-08-12,73.8777,10.1800,,68.6521,88.5137,73.5516,86.6546,,,,,84.2501
2023-08-13,54.6556,,,64.6729,6.5886,50.3239,37.9526,,,86.7550,,91.8538
2023-08-14,78.4881,68.9973,,85.5982,93.3973,75.9055,68.5955,,,,,62.0475
2023-08-15,69.3297,47.0883,,84.9845,91.5670,56.5411,86.6849,97.3850,,,,46.1275
2023-08-16,82.6086,,,80.1345,,92.3010,96.9689,79.9700,85.0150,,,94.4250
2023-08-17,69.6092,,,58.7440,86.3450,54.9730,59.3305,73.8350,,,99.8050,83.8503
2023-08-18,63.7194,13.7744,7.9667,33.5689,87.1500,92.4448,42.6820,,,,69.4097,87.9950
2023-08-19,80.7112,,95.5906,95.1100,99.2550,69.7163,85.9135,,,,,90.3548
2023-08-20,56.6157,92.4050,,50.9017,76.3253,60.0014,69.7201,,,,,67.0203
2023-08-21,71.0118,,,51.0110,98.2747,81.6427,75.4641,,,98.6457,,80.9144
2023-08-22,68.0441,,3.9450,73.5820,98.1899,53.8500,86.3056,,,,0.4900,59.1264
2023-08-23,68.5719,93.1250,53.3668,48.3250,95.1750,84.3410,53.1537,69.0900,,,,96.2578
2023-08-24,73.3760,,63.4750,95.2074,55.6177,97.1741,52.2684,54.0735,,,76.3350,89.0551
2023-08-25,68.9105,,33.1750,56.0075,44.1437,67.6488,59.6498,34.2650,,,,64.8408
2023-08-26,63.8208,4.3500,,57.6345,90.3950,78.6328,93.8433,,,,,85.4897
2023-08-27,70.0919,79.5027,89.7050,77.9672,64.4468,58.0800,58.2084,,95.6527,,,74.6950
2023-08-28,65.0808,,,70.2146,60.7571,56.9359,79.6198,,,,,75.6108
2023-08-29,74.8535,57.4301,3.7250,81.8863,85.9413,91.4647,89.1638,,,,,75.7771
2023-08-30,73.4467,,,70.7075,71.2964,53.9272,90.6666,,,65.9100,,77.6568
2023-08-31,83.4689,,8.8750,90.3086,62.4911,93.9051,94.1760,,,,,94.9954
2023-09-01,73.0981,93.7500,2.5350,84.7546,,81.4720,50.8475,,,,,44.4185
2023-09-02,68.0554,,,57.9447,63.2873,,79.8322,,,,,62.9092
2023-09-03,66.8355,,,71.5751,60.4868,71.6555,68.6445,15.9600,,,,77.2925
2023-09-04,76.4893,49.9038,,78.8859,76.4145,92.5764,75.8824,87.8950,89.1750,,98.2400,42.5754
2023-09-05,77.3189,,75.5300,45.8828,95.7856,80.3201,95.5875,99.5100,,,92.7750,68.4675
2023-09-06,81.3497,90.9100,,73.7271,97.9546,86.9621,98.5838,93.0097,85.6850,,,48.5440
2023-09-07,64.0599,77.8559,6.0200,77.5146,71.1818,42.3450,85.5546,96.9650,93.8950,,,76.5964
2023-09-08,78.6663,92.0100,,84.7325,48.8315,89.7752,96.5272,54.5321,,,99.7200,78.4354
2023-09-09,71.1331,,,51.1660,35.0043,78.9666,96.7089,7.5100,,,,92.3778
2023-09-10,60.1099,,,42.1368,22.8850,72.5216,65.9757,,,,,95.1278
2023-09-11,49.5386,,75.2000,30.6170,1.9100,91.3550,42.8928,20.3000,,,,62.3870
2023-09-12,52.2216,,,65.4265,47.9605,52.9863,67.5745,93.5900,,,,50.1362
2023-09-13,80.5991,,97.8250,67.9235,68.5036,,98.8634,94.4250,87.2020,,,57.8053
2023-09-14,87.1987,,53.8600,82.3942,85.2834,94.0350,98.8528,,,,,83.4729
2023-09-15,80.4046,,93.2900,83.9284,94.6700,98.3900,87.7510,36.2886,,,72.9400,79.4639
2023-09-16,66.2884,,,74.2077,,88.2500,66.7570,,99.8000,,,68.8904
2023-09-17,68.4316,,10.7750,60.9656,89.4350,,82.6086,,,,,79.2950
2023-09-18,74.9084,,,74.3740,89.8210,82.9850,94.9619,94.2535,,,,49.3925
2023-09-19,63.4773,49.9530,21.1800,84.6423,81.1628,,57.0619,92.3100,,88.2500,,63.0242
2023-09-20,79.2234,,,84.0308,66.4580,72.2394,98.8353,20.0300,,68.0600,,69.2508
2023-09-21,61.5160,77.9425,,78.1221,87.4221,89.5300,29.7308,,,,,77.1133
2023-09-22,80.8040,20.0300,28.5050,53.5121,97.7986,85.6181,90.4553,55.8450,,,,87.9063
2023-09-23,68.0915,,,56.9806,69.3664,96.2504,71.2393,,47.4200,,,75.7081
2023-09-24,64.5692,79.2950,,55.9952,88.2954,48.5615,,,,,,81.8197
2023-09-25,56.3843,,,71.8587,73.5537,30.1496,62.3802,,,,,85.3471
2023-09-26,66.8511,,,73.6880,54.4856,26.6229,98.3344,,,,76.1800,29.1634
2023-09-27,66.2103,,58.4220,37.3112,50.1953,83.7975,83.4338,,,,,
2023-09-28,75.3096,,,51.9496,90.3189,96.0050,80.0994,,,,,84.1873
2023-09-29,67.5443,93.1250,,71.1884,78.6315,,94.0601,25.1700,,,99.8200,46.7041
2023-09-30,61.8075,,,83.3490,73.5522,39.4745,66.4338,,31.9400,,,92.7026
2023-10-01,65.0582,,89.8200,65.7419,50.9229,75.5300,59.2252,96.5650,,,,23.9952
2023-10-02,79.1069,94.8250,,61.8289,88.1960,95.4050,92.2283,89.8992,97.6200,,,72.7210
2023-10-03,58.0419,10.1800,,69.7569,58.8357,54.5154,94.7088,30.2200,,,,26.4186
2023-10-04,74.2107,76.2743,,92.7482,,,,55.1350,,,,89.3059
2023-10-05,74.9765,,,64.8905,99.3442,43.5921,65.6848,,,,84.5400,63.9497
2023-10-06,74.6177,22.1300,88.1100,66.5831,83.8759,75.2169,81.8853,98.5600,98.7950,,,77.6260
2023-10-07,64.3199,68.0600,,81.7432,96.0050,86.8184,80.7448,88.9150,,,,80.8194
2023-10-08,90.3185,,,74.1393,83.4586,80.2450,99.8972,,,,,60.8419
2023-10-09,71.7878,,,29.2114,88.9150,7.9808,95.5740,,87.8950,,,44.3397
2023-10-10,47.4443,,,61.7926,41.0593,66.8382,32.6984,66.2319,3.3150,,43.3700,77.3986
2023-10-11,69.5880,,,69.8127,58.3170,8.8750,94.9347,76.4144,,,,80.3435
2023-10-12,81.4492,,5.4500,92.2902,78.4995,41.3968,87.0913,,,,,79.5679
2023-10-13,40.1088,,,82.2355,90.1448,,27.5355,11.0850,,3.3800,,87.7608
2023-10-14,74.4944,56.6086,,78.4593,70.7297,70.3750,93.8510,96.0050,,,,55.2480
2023-10-15,72.6006,,,72.2811,23.6650,94.8950,98.6486,,,,4.9400,82.2427
2023-10-16,68.4322,37.5000,71.2973,48.2673,75.2644,87.1703,81.1562,91.5800,,,98.9800,77.9213
2023-10-17,59.5222,,,77.7775,25.3050,76.3350,92.0222,,,,,36.8425
2023-10-18,58.1847,,87.5050,66.2910,37.7593,37.5450,59.3485,,,,0.8950,55.7410
2023-10-19,68.9831,,,73.9754,,71.2309,88.1281,99.0400,,,98.5450,48.1600
2023-10-20,75.6339,,,64.3142,32.5887,,94.1904,80.6200,,,99.7300,67.3968
2023-10-21,80.1168,,,89.8804,,75.0059,97.9912,,,,,45.4917
2023-10-22,86.6489,89.8000,,81.7629,95.2100,,99.5598,93.9500,,,,76.2657
2023-10-23,61.8495,,,82.6649,90.8800,60.1150,83.9173,43.7521,,,,69.6725
2023-10-24,80.5403,,,81.8610,94.9600,77.7778,84.1381,95.2864,75.5300,,,87.6818
2023-10-25,88.3562,96.6850,,94.3800,63.2000,76.8100,97.3777,,,,,93.8806
2023-10-26,81.7164,,,94.0950,86.7332,95.5099,72.2171,50.1847,,,98.6800,80.7179
2023-10-27,77.8327,72.0200,85.9200,83.2903,62.5079,87.1950,88.0960,,,,,83.9150
2023-10-28,76.6240,,,91.7491,,,92.6202,70.0483,96.3000,,13.4850,79.6453
2023-10-29,84.3435,83.2074,80.6200,93.2109,69.0900,38.1972,98.5247,90.8800,,,,86.3211
2023-10-30,86.8525,,,94.6065,89.4844,87.9518,92.8866,,97.9300,,98.0600,94.1025
2023-10-31,74.5569,79.2950,,91.2213,,68.2016,98.5020,,,,,84.5359
2023-11-01,77.9366,98.8300,,93.5782,70.3943,,98.4852,96.8525,,,,83.6167
2023-11-02,78.5121,,,94.8481,71.0750,79.0150,87.0677,83.4042,,,,70.3304
2023-11-03,64.9825,,,41.3145,96.8550,89.1773,94.7076,95.0571,,,,60.6854
2023-11-04,57.7116,,47.3300,79.1682,,88.5850,81.3324,,,,,58.4590
2023-11-05,75.8565,80.9174,,84.1204,35.0205,,94.4640,95.1100,41.1050,,,68.6681
2023-11-06,82.6867,,84.0400,64.2109,69.2528,89.8200,65.9373,85.0834,,,,58.8950
2023-11-07,84.6767,72.3796,,55.3928,8.7350,76.7826,89.7156,,,,99.9500,87.4724
2023-11-08,86.1059,80.3822,,91.0571,97.3400,85.4800,98.5748,37.5000,,,,91.7247
2023-11-09,82.6059,40.5179,,89.7784,91.7592,90.6300,86.3428,96.9650,,,,55.0638
2023-11-10,89.8622,74.3550,,97.3827,60.1150,64.0109,90.7693,91.9250,,,,81.8242
2023-11-11,79.3995,,,87.6793,,57.0300,95.8585,75.6530,65.9100,,,89.1712
2023-11-12,80.1633,,,86.1326,71.5551,40.6009,97.1480,88.8934,,,,
2023-11-13,78.8388,,7.3150,85.4286,86.1056,96.0033,88.1360,92.9973,,,,
2023-11-14,76.2245,58.8950,,61.3041,40.0412,53.8600,93.4700,92.0710,,,,70.2317
2023-11-15,88.1639,43.8539,,82.4720,,97.1137,96.6026,,,92.4050,,
2023-11-16,85.8588,,,79.8326,82.5008,32.0250,82.6710,97.4060,,,,77.4802
2023-11-17,86.3600,,,86.1172,98.4100,,94.4210,,,,99.7900,89.7355
2023-11-18,75.9184,59.7523,,78.2053,82.9850,62.0300,99.3230,,,,,71.3499
2023-11-19,67.9092,,,76.9273,63.9688,,22.3850,87.2653,,,,65.7934
2023-11-20,72.7168,72.9400,,89.9275,74.4838,7.3450,62.5183,99.3088,,,,85.1519
2023-11-21,81.0859,18.1550,93.7500,61.9302,,80.6200,87.6545,96.7247,,,99.9200,89.1500
2023-11-22,63.5911,76.3350,,58.1987,97.1150,,75.0282,,,,4.2400,73.8925
2023-11-23,82.1191,97.9365,,84.6883,79.1192,60.7022,96.6902,,,,,73.3698
2023-11-24,74.6659,96.4181,,81.7774,79.7773,56.7240,99.2670,93.6977,,,,64.7575
2023-11-25,83.8770,,,88.4932,34.0900,96.6250,92.7879,,,,96.0850,71.3182
2023-11-26,72.1425,91.2650,,61.7181,90.3700,67.1120,95.2634,79.6266,56.1798,,,90.6978
2023-11-27,56.5599,79.7880,,80.7292,73.8350,,92.1596,,,,,14.7246
2023-11-28,72.2703,60.1150,,70.0464,93.4450,,75.8903,,,,99.6600,87.5911
2023-11-29,77.7631,,,74.8340,80.4038,92.9400,76.3667,67.5731,90.8800,,,94.9496
2023-11-30,86.1929,,,85.5068,84.8300,,95.6417,,,,,82.9816
2023-12-01,90.2239,97.4650,,87.6011,98.5250,94.5500,97.6279,90.3700,,,,96.8550
2023-12-02,77.2089,,,73.2874,72.2577,,98.8174,,,,,53.8952
2023-12-03,88.3013,,,96.7484,85.3671,96.9900,46.6836,,,,,98.8300
2023-12-04,92.7525,55.1350,,89.2481,58.8950,85.0181,91.7262,96.8509,,,,65.9100
2023-12-05,83.8023,99.8700,,91.2049,68.2095,89.7893,96.4107,,,,,84.2547
2023-12-06,91.6024,97.7100,,87.7724,53.8600,98.0437,93.3091,,88.9150,,,64.8000
2023-12-07,78.7002,99.5450,,53.3775,90.3857,89.5300,83.2007,96.0631,,79.9700,,83.2250
2023-12-08,79.9768,94.7400,,67.5668,80.0020,78.7106,92.7285,97.9127,,,,69.4385
2023-12-09,82.7721,65.8200,,87.1117,,95.0130,97.7242,68.0600,,,,82.8325
2023-12-10,79.7419,91.5800,,64.7910,5.8300,83.8350,79.5099,48.1857,,,,
2023-12-11,72.6253,12.1050,98.0050,81.3649,95.5000,45.1563,51.3445,,,,,77.1150
2023-12-12,90.6111,,,64.1814,92.7750,99.8674,91.8900,99.2244,,95.0550,,80.1450
2023-12-13,86.8501,96.2419,,93.2620,,85.0150,83.9359,99.0050,85.9200,,98.9350,
2023-12-14,82.4543,67.0000,,48.8317,93.6584,91.5650,92.8930,,,,,11.0850
2023-12-15,82.1974,90.8800,,85.5431,91.8000,95.0013,91.9376,97.4250,,,,
2023-12-16,76.8408,75.7422,,81.8008,86.7550,58.6453,72.6668,,,,,59.1017
2023-12-17,86.5533,98.2872,35.4100,86.2319,12.8500,88.4336,50.0773,73.8350,,,,61.7945
2023-12-18,77.3338,98.9150,,70.6600,71.5224,71.1167,92.4948,65.8816,,,,72.1150
2023-12-19,82.0209,,,94.3108,83.6282,81.7364,31.3027,84.5400,75.5300,94.6200,,71.0750
2023-12-20,76.9321,,,95.6808,71.7955,80.7850,69.1919,92.4469,,,99.1000,18.1550
2023-12-21,82.8213,,,88.8943,96.5413,77.6332,94.7341,67.1132,,,,64.2528
2023-12-22,68.4224,,93.4650,85.2281,14.5200,82.7127,45.3685,70.3683,,,,58.4002
2023-12-23,84.8699,,,88.3226,86.3408,85.8946,96.7406,96.6850,,,,60.8064
2023-12-24,75.3486,97.4250,,74.1154,81.0458,72.0200,91.3431,75.9469,,,,
2023-12-25,90.5615,97.0337,,73.6415,,87.7471,97.8623,75.9814,,,,79.0549
2023-12-26,76.0729,72.0200,,75.1136,76.4825,92.7750,75.1336,94.6100,,,,67.0000
2023-12-27,74.5535,,,64.7782,68.9965,87.8953,5.7000,,,,,75.5265
2023-12-28,82.5868,95.7300,,84.5801,85.1539,73.8350,90.5120,,,,,68.0600
2023-12-29,78.0147,94.7850,95.0050,84.8521,92.1706,70.3951,85.9108,74.4652,,,,36.1757
2023-12-30,79.1649,,73.3900,73.9477,47.3241,82.0162,97.6535,98.6750,,,,80.0038
2023-12-31,73.5998,,,62.0517,94.1700,75.4663,37.9511,,,,,74.6378
2024-01-01,77.8716,,,70.8251,99.6800,77.8700,86.3904,61.2011,,,,97.8488
2024-01-02,85.2912,,,82.0132,,92.9550,94.4883,96.8650,,,,
2024-01-03,77.5635,,,61.6417,87.8724,74.1628,98.0330,,,,,91.5800
2024-01-04,75.3837,97.2550,,82.6702,99.0092,71.9216,79.2687,,,,94.5546,82.9850
2024-01-05,78.3425,38.6850,,91.1406,58.9695,83.4034,88.3820,26.1650,,,,
2024-01-06,88.1315,,96.3700,83.3958,,55.0368,98.5778,87.1500,,,99.8700,60.2189
2024-01-07,79.7287,97.4100,,85.6080,86.3450,63.6600,52.3423,,,,,42.3450
2024-01-08,67.5020,,,70.3119,,24.3550,55.8546,66.6357,,,,97.8550
2024-01-09,83.4934,,,83.7853,42.7168,,92.5333,64.2384,,,,69.8082
2024-01-10,89.3448,,,89.6516,99.0850,89.8200,94.4561,,,96.9650,,81.8450
2024-01-11,86.6801,,,87.2744,91.8601,97.3850,99.5143,93.6000,,80.6200,,62.2118
2024-01-12,80.8709,,,96.7277,96.4668,81.2476,92.7395,,,,,64.6967
2024-01-13,77.1744,,,68.5811,61.7166,,96.3375,99.8700,,99.0500,,66.2956
2024-01-14,82.3842,,,93.1907,57.1375,64.8000,96.0175,1.9100,,,,91.1250
2024-01-15,75.2213,89.1604,,87.8933,92.7750,62.2046,37.3446,,,,80.2720,78.2061
2024-01-16,85.5307,97.8750,,75.0026,88.6226,84.8550,87.2845,,,,,45.0200
2024-01-17,82.6340,,,74.4375,98.8509,74.3278,96.2480,,,,22.1300,58.0608
2024-01-18,79.3765,95.9300,,79.2847,96.6850,92.2100,93.9484,,,,,
2024-01-19,65.2830,13.4450,,67.1453,67.1020,93.0550,64.8575,88.5850,,,,69.3547
2024-01-20,86.4204,,,62.7649,85.4056,,99.8702,,96.1050,,,45.5899
2024-01-21,82.7355,,,69.9061,,85.9198,98.0900,,,,99.9950,95.2156
2024-01-22,68.8708,,94.2967,61.7585,74.4847,54.8772,88.7391,,,,,36.0400
2024-01-23,72.4032,69.7776,,70.9219,11.1073,87.3451,71.9174,,,,,23.6650
2024-01-24,76.1208,,,64.5892,80.4650,98.5800,98.6643,,,,,
2024-01-25,82.2300,18.1550,,88.5131,88.4726,29.3511,74.7227,71.6984,,,,40.8873
2024-01-26,75.4325,86.4112,,59.3059,73.0099,88.2362,77.2412,,83.0200,,,81.1480
2024-01-27,68.3522,,27.9800,79.9932,93.1512,25.8059,49.2597,,,,,78.5099
2024-01-28,81.2722,,,83.4634,99.7655,85.0115,97.6727,,,,,88.8615
2024-01-29,74.6758,,,86.6658,,38.7854,97.3233,95.6172,,,,15.9600
2024-01-30,77.9667,70.0950,,68.4210,96.5937,46.2141,97.6193,,,,,62.9581
2024-01-31,88.4045,79.7800,,71.9756,84.0400,94.3687,98.9683,88.5850,17.5800,,,89.6532
2024-02-01,75.5635,49.6263,,79.6736,88.5578,84.5194,99.5737,37.3623,,,,88.2700
2024-02-02,85.7306,,,92.1008,94.8950,84.4392,97.0672,,,,,50.7819
2024-02-03,80.6696,,,73.1105,,85.0150,96.6486,90.3700,,,,69.3381
2024-02-04,78.4641,90.6300,,92.3762,,90.1000,99.5069,89.7150,,,,88.9635
2024-02-05,86.4609,58.8950,,95.5624,89.8675,92.5950,91.9289,,,,,86.5533
2024-02-06,81.9925,94.9500,,83.8028,92.2100,90.4441,75.9182,97.5343,,,,78.7944
2024-02-07,88.2892,,,83.3400,73.4886,92.5582,98.8517,,,,,92.2100
2024-02-08,84.6911,87.3800,,85.4618,,82.9465,87.5589,84.5400,,,,82.6567
2024-02-09,81.0681,,,90.6322,52.7850,,90.6656,99.8850,,,,86.0469
2024-02-10,80.7585,,,96.1007,59.2523,88.9166,91.4658,72.9400,,,,66.7032
2024-02-11,77.4785,,,92.2678,89.1221,98.0300,85.0770,,,,,89.3890
2024-02-12,88.0581,63.6600,,91.7805,94.6796,86.7950,93.3450,,,,,63.4694
2024-02-13,73.8693,96.4953,,50.2205,52.5800,83.5250,90.1000,99.8050,,,,
2024-02-14,87.9434,,,65.6484,64.4506,81.3487,99.2673,,,,98.6400,57.1968
2024-02-15,85.1844,14.5200,,88.7247,44.8808,,95.2346,,,,99.6750,94.8325
2024-02-16,88.8977,94.3000,,96.8368,96.9430,90.3250,94.0436,,,,99.9250,89.2187
2024-02-17,79.4020,92.1636,,53.1162,96.3215,87.5800,61.1800,71.5620,,,,96.6250
2024-02-18,68.0862,,,66.0360,69.7725,62.6886,92.5950,86.9643,,,,85.5424
2024-02-19,78.8266,,,94.2842,97.8450,66.3001,40.4572,,,,88.2500,49.4909
2024-02-20,86.7462,,,55.4116,94.7903,62.5000,97.8111,96.0650,,,,89.0345
2024-02-21,88.0073,,79.7550,82.9260,97.6206,,97.2081,,,85.9200,,79.8716
2024-02-22,83.7368,74.6950,,45.9810,55.1350,97.0526,80.3133,91.3531,,89.8200,98.6950,
2024-02-23,90.0739,52.5800,99.9200,89.7479,60.3339,57.7208,82.7510,88.5850,,,98.8850,
2024-02-24,75.1117,9.1200,,86.8704,,68.5171,58.2323,,,,,39.3369
2024-02-25,74.3263,39.8850,,71.1119,90.7299,90.0669,88.9729,47.5577,,,,64.2937
2024-02-26,68.4436,58.8950,,44.6327,97.0150,96.6850,68.3406,96.1200,,,,89.8060
2024-02-27,86.1792,,,85.1721,62.1954,87.3807,99.1591,,,,,88.0146
2024-02-28,81.1475,,,76.5845,96.9793,91.1601,96.2417,,99.8100,,,79.5925
2024-02-29,78.7636,92.5950,,75.6689,93.7721,77.9400,93.6994,43.6000,,,,94.8950
2024-03-01,71.2531,91.9775,,81.3510,96.0050,58.4296,51.8116,80.1067,,,,
2024-03-02,86.4656,,,97.1415,90.1750,99.8150,97.7073,16.6250,,,,84.4969
2024-03-03,73.2639,85.9200,,74.5031,76.4841,70.9728,73.9831,,,,,
2024-03-04,90.2510,,,85.2195,,61.6472,90.2114,,,,,99.6200
2024-03-05,83.7294,90.1000,,86.1861,61.0812,89.8246,96.9111,,,,,86.2757
2024-03-06,89.0199,75.7809,,92.8080,98.1293,74.1001,87.2547,,,,,39.0618
2024-03-07,89.4995,,,93.3491,97.2100,96.4583,95.5930,,,,,91.9176
2024-03-08,85.2470,,,82.5300,97.9662,92.0157,98.6268,69.0900,,,,93.2244
2024-03-09,83.1524,,,67.2702,87.0187,96.0100,91.6989,99.9450,72.9400,,,93.0114
2024-03-10,75.3297,92.1081,,85.4551,45.3842,71.9541,82.9626,,,,,92.7750
2024-03-11,87.6391,91.1250,,94.1851,79.4330,89.3432,90.0422,,,,,82.7758
2024-03-12,87.7173,,,88.8814,88.0443,98.4842,95.6057,56.6442,,,,77.0481
2024-03-13,79.2825,99.1384,,58.5562,59.2149,96.1494,92.0100,25.3050,,,,
2024-03-14,76.2667,89.2250,,59.0220,97.2845,90.4802,96.1094,86.4474,,,,67.0000
2024-03-15,85.5848,,,79.4898,91.4487,95.5000,97.9748,,,,,68.7795
2024-03-16,83.9554,,,77.4397,93.0847,71.4215,88.4081,66.5324,,,,99.8550
2024-03-17,65.3022,75.1497,,37.2659,87.1500,56.5199,90.8398,95.4825,77.1150,,,
2024-03-18,77.7624,90.8800,,85.4519,71.0750,49.1096,68.9282,68.3715,,,96.1456,17.0150
2024-03-19,71.2001,93.8950,,71.1714,75.7099,81.6048,65.8593,63.6600,,,,
2024-03-20,78.2884,96.7450,,44.1571,83.4636,88.2250,82.8207,96.0050,,,,
2024-03-21,75.0695,,,80.9601,51.4643,98.6700,94.9775,99.3600,,,3.2100,73.9432
2024-03-22,83.3077,,,90.9764,86.6483,97.6200,99.1434,96.3859,,,,
2024-03-23,74.9718,,,78.9148,92.8895,72.9574,85.3176,,,,,76.3350
2024-03-24,83.3930,,,79.0216,65.8819,97.2550,89.6891,,99.9200,,,58.8950
2024-03-25,83.6583,,,77.5952,,55.9850,96.9040,98.2600,91.3550,,,95.7650
2024-03-26,84.8826,,,78.9593,66.3450,71.6388,83.8687,,,,95.5450,74.9498
2024-03-27,73.3891,46.1400,,72.6051,86.8987,92.7555,94.2333,87.2787,76.3350,,,38.0359
2024-03-28,75.3126,,,78.0194,84.0234,89.3242,73.6436,,,,,64.2034
2024-03-29,75.5855,,,71.7348,89.2250,,93.8485,,,,,86.9934
2024-03-30,79.9657,,,42.4410,,96.6200,88.1759,,,,,57.7526
2024-03-31,73.8006,,,71.9011,38.2731,67.0501,88.3787,,,,,82.4300
2024-04-01,71.0226,,,82.9997,75.6539,88.2500,78.7402,58.8950,92.7750,,,43.6000
2024-04-02,76.9428,79.2950,,63.5080,85.8810,84.8300,74.3814,92.5000,,,0.9724,41.1050
2024-04-03,87.4345,95.1968,,82.6495,80.4469,81.2115,69.6022,,,,,97.4500
2024-04-04,78.3342,,98.2150,69.0092,91.6682,67.8818,91.1986,84.9889,,,,86.7550
2024-04-05,73.4677,85.4800,,84.1239,93.4018,92.3983,73.2500,41.9785,,,,8.5551
2024-04-06,75.2949,,,89.9977,,75.8058,85.1352,29.9050,,,,84.3812
2024-04-07,81.1651,88.5850,,86.6517,91.5800,67.1902,94.5476,90.2143,,,,94.2920
2024-04-08,77.7665,5.7000,,93.6569,89.2058,97.8991,87.0804,55.1350,,,3.9650,78.1303
2024-04-09,77.4959,92.7750,,71.8635,55.4319,70.6175,93.2243,23.7746,,,,71.7858
2024-04-10,76.4127,51.9155,,83.2651,22.8850,80.7425,87.3577,,92.0100,,,
2024-04-11,91.5063,,83.2600,97.9827,87.8950,96.3010,93.7754,75.3123,98.6600,98.9700,97.4263,96.0850
2024-04-12,82.4718,,,56.6934,67.6758,99.6050,93.8116,14.5200,93.9378,,,65.6499
2024-04-13,81.0039,,,73.4282,37.5928,31.9610,96.7712,,,,,84.0400
2024-04-14,64.6659,35.2788,,46.9073,93.8450,86.0651,54.3615,76.9142,,,,54.5840
2024-04-15,81.0559,,,73.4352,49.6532,72.9400,97.9128,82.1759,,,,
2024-04-16,83.5734,,,77.0018,89.1014,29.3150,83.1092,92.0100,99.6100,,,7.9700
2024-04-17,82.4546,,,91.6351,14.0477,97.2550,86.7162,34.5300,,,99.8250,
2024-04-18,77.9160,85.2959,,90.0840,22.5578,84.0941,62.1572,,,,,69.8346
2024-04-19,88.3144,3.7000,89.2250,94.6987,89.4472,86.9195,88.3820,97.9650,,,,92.6250
2024-04-20,90.0182,,,91.3350,,87.1500,96.0212,37.5000,,,97.3320,50.8162
2024-04-21,82.6914,,,82.9532,,82.8362,95.1199,82.4300,,,,50.7331
2024-04-22,77.4611,92.0100,,89.3066,69.6210,70.1238,81.5501,37.3270,,,,84.7697
2024-04-23,85.1978,85.5187,,87.6833,90.9481,90.9063,91.8107,,,,,42.3380
2024-04-24,70.7431,,,85.3688,92.0100,,88.1789,97.6550,,,,5.8356
2024-04-25,68.9005,93.1012,,36.2544,76.2822,87.0320,85.7329,25.3050,,,,73.8350
2024-04-26,78.4918,97.9750,,80.9761,88.5458,74.7106,54.3366,83.3110,73.8350,,99.7350,72.9400
2024-04-27,73.1498,42.8450,88.2500,83.7009,,53.5273,78.4974,97.6176,,,,91.0344
2024-04-28,71.1463,,90.6300,72.1346,91.7180,97.4650,65.6407,82.0655,,,,84.0810
2024-04-29,68.8304,,,86.6573,67.3280,60.1150,85.7021,,,,,11.5800
2024-04-30,70.6331,,,60.8000,67.8436,87.8035,53.9937,67.9473,,,,38.2816
2024-05-01,79.1068,55.1350,,79.6719,82.7374,84.5215,81.6768,94.1420,,,,60.5832
2024-05-02,70.4308,,89.9600,68.3442,78.5950,89.9338,84.1259,,,,,54.7607
2024-05-03,87.4623,98.9450,,89.7845,29.9050,96.2171,78.3862,,,,58.0219,
2024-05-04,80.3604,,,68.8572,,91.6206,94.2265,,,,,85.8407
2024-05-05,76.3180,,,89.4646,84.1724,89.9400,66.9875,59.2613,,,,63.1334
2024-05-06,83.4159,,,83.7451,94.6000,97.6000,94.3916,88.2106,99.1150,,,85.1253
2024-05-07,79.3700,,,78.6389,85.1494,62.9200,93.7911,,,,99.2916,77.1228
2024-05-08,82.7744,92.0100,,50.7243,78.6459,87.5814,95.0011,,,,,66.6299
2024-05-09,84.5154,1.6700,,94.1945,91.4403,95.3168,90.3975,85.4800,,,99.7600,80.6200
2024-05-10,74.6668,,97.8633,73.5114,16.3359,92.7295,70.2306,95.4050,,,,58.7505
2024-05-11,77.3195,66.9100,,83.0512,65.5942,89.0882,92.5886,,,,21.3524,54.6503
2024-05-12,69.5708,22.8170,,51.4191,91.3550,88.1040,87.1316,,,,,80.3784
2024-05-13,81.4655,,,87.0515,35.3225,84.4942,87.3112,31.6258,98.0600,,99.4197,96.0777
2024-05-14,90.3234,,,93.0493,98.1357,91.7672,92.8448,77.8700,,,,70.6348
2024-05-15,79.0266,21.9925,,85.8736,28.4872,90.5528,96.7089,,,,,88.0666
2024-05-16,88.7653,,,95.9665,13.3903,81.6080,86.4098,95.7546,,88.5850,,
2024-05-17,84.6681,,,68.7953,86.7145,,91.8339,41.8898,,,99.9350,95.4342
2024-05-18,68.0213,,,59.5480,92.5026,67.6921,93.4785,0.8400,87.8400,,99.9200,50.6104
2024-05-19,71.4907,65.5313,,70.7952,92.1928,60.1150,90.0320,92.1571,,,52.7991,69.1611
2024-05-20,77.4364,89.5300,70.0950,41.6665,77.3364,76.9237,93.9917,,,,,79.0802
2024-05-21,91.0227,87.5300,,85.5198,96.6102,63.6600,95.3615,94.5500,,,,62.9844
2024-05-22,89.8808,95.5000,,97.8980,86.7772,86.3837,88.8821,77.8700,,,,30.9100
2024-05-23,85.5368,68.7548,95.0050,51.0555,97.2763,95.1200,84.3954,88.8600,,,99.8900,55.2983
2024-05-24,75.0987,,76.9153,60.3311,97.9366,42.2724,84.3667,,,,58.9900,48.2320
2024-05-25,85.1704,,,37.1050,98.2325,93.6000,93.1025,,,,,76.5950
2024-05-26,81.8877,,,61.1434,74.4089,92.9107,58.1243,88.5850,,,,97.3344
2024-05-27,77.6081,71.1727,,76.4645,92.3372,50.7365,57.8230,72.0998,,,,96.7672
2024-05-28,84.5157,,,59.4468,92.3716,92.3182,88.2211,,,,,87.1124
2024-05-29,84.8480,,,91.5311,95.4929,58.6331,92.6944,86.9251,,,,94.0350
2024-05-30,81.2531,,,89.5743,84.0576,89.2566,86.1106,76.3350,,86.5360,4.2350,55.2930
2024-05-31,74.1603,97.3599,,88.8289,87.9793,81.6454,86.7431,93.3700,,,,86.0337
2024-06-01,82.3361,,,87.9691,66.1322,47.7936,81.0740,59.5050,,,99.7800,79.6112
2024-06-02,75.8427,87.1500,,70.8370,91.8000,81.9134,88.6749,68.8145,,,,88.5264
2024-06-03,82.4223,74.6950,,86.8349,84.3930,81.6111,84.0857,,,,,91.7523
2024-06-04,87.9234,,94.7689,86.9211,80.2300,97.6468,93.5816,,,,,86.9044
2024-06-05,85.3001,,93.1608,84.3567,78.0578,97.6242,86.2750,94.2250,,,,96.4942
2024-06-06,73.3569,46.1400,88.0654,81.8976,73.3075,72.9374,89.9305,95.2600,,,99.7550,89.9903
2024-06-07,85.1615,,96.3700,82.7124,97.7123,94.7759,89.5479,83.5966,93.4450,,,87.8950
2024-06-08,72.5480,94.7850,,84.7779,60.1150,63.0550,76.1005,,,,,85.7228
2024-06-09,83.1110,28.9250,,74.3907,,91.3201,,,,,,64.7852
2024-06-10,93.5260,,,80.5891,99.6336,92.1991,99.6515,51.2257,,,,86.0885
2024-06-11,82.4614,,86.7550,69.5607,85.9200,64.1635,97.4199,90.0821,,,90.2100,95.2976
2024-06-12,81.9874,,,79.2886,86.2950,49.0234,81.5684,98.7258,,,,83.6304
2024-06-13,70.0699,64.6994,,82.0797,65.6106,94.0592,88.0252,45.5246,99.5550,,0.6000,69.8385
2024-06-14,67.0473,78.5814,,85.3948,84.8703,83.4223,52.6595,97.8750,,,,65.7747
2024-06-15,71.4515,,,58.4239,46.8209,96.0171,53.2994,32.8728,,,,77.7034
2024-06-16,74.0503,,51.4367,80.6038,78.4702,,85.6062,,,,,77.1150
2024-06-17,82.4357,,,85.7408,90.9316,56.6970,86.1564,93.7944,,,,35.0152
2024-06-18,69.3396,,,51.5125,85.4738,85.4518,73.7872,62.3663,,,4.4000,37.5953
2024-06-19,79.1993,,,71.3005,68.2201,75.9780,91.5821,75.4157,,,,94.6353
2024-06-20,71.3182,73.8350,,72.5995,86.1711,,60.7589,94.6361,88.2500,,47.4200,82.6972
2024-06-21,76.5106,,,59.5373,92.0796,96.5937,95.5121,,,,,77.2859
2024-06-22,69.5523,92.0100,,61.7980,91.2445,96.1550,90.7130,95.9773,,,99.4600,51.5976
2024-06-23,73.4831,,,62.2758,75.7662,42.4435,66.8406,,,,98.8850,93.9917
2024-06-24,57.5484,,91.1250,47.4497,62.4857,32.2543,28.2559,67.4881,95.4050,,,
2024-06-25,74.2212,,,50.0965,43.4233,,95.5256,86.7550,,,,78.8020
2024-06-26,66.2566,64.5479,56.4000,63.0372,90.2334,78.5690,62.6060,65.7847,,,,45.8486
2024-06-27,78.1154,,,74.1765,96.1633,73.0088,86.6847,80.6522,,,,87.8950
2024-06-28,74.4782,88.4829,,49.7212,90.7697,60.7910,53.8370,96.0012,,79.2950,,70.0950
2024-06-29,73.9895,,38.0909,48.3804,77.5349,31.5069,74.2121,85.9200,,,,95.9140
2024-06-30,73.3194,,,54.7596,60.5474,,86.4014,54.4086,,,,96.8862
2024-07-01,70.4561,58.8950,,50.8270,79.1462,86.0441,94.0888,76.3350,,,,9.9000
2024-07-02,80.0781,,,65.7626,91.9834,96.9920,95.8025,98.5250,,,9.6300,88.2500
2024-07-03,83.8658,95.7650,95.1200,89.0723,94.6817,51.5363,92.4601,94.9150,99.5400,,,70.9399
2024-07-04,70.4306,97.7100,,51.5214,73.5833,93.7034,88.7603,,,,,62.1374
2024-07-05,71.0552,39.8850,,64.0725,67.3557,48.0480,62.8146,83.5250,90.5806,,,66.9145
2024-07-06,69.2758,58.8950,,59.0899,96.2356,94.8950,52.7160,92.1271,,,99.8950,1.9400
2024-07-07,75.8230,,,60.1460,62.1610,61.9571,85.2510,69.5950,,,,97.2954
2024-07-08,77.1091,,,68.6643,66.3471,61.0868,85.5487,87.5300,,,47.4200,64.0805
2024-07-09,76.6573,87.8950,,68.1275,90.0125,69.8571,91.4016,64.5585,,89.8400,,38.2081
2024-07-10,62.9349,58.8950,,74.6556,84.0050,51.1782,87.9848,90.1937,95.4050,,,82.9850
2024-07-11,71.7480,91.3550,,70.4944,70.6984,97.5471,76.4095,89.3640,62.5000,,,76.0192
2024-07-12,77.0043,95.6800,,74.7350,89.9844,85.1641,56.5022,,,,,85.2653
2024-07-13,76.2291,,,56.7885,90.9383,96.0850,95.3475,60.6730,,,,60.6224
2024-07-14,68.3454,13.6550,,52.8468,71.7200,6.4000,40.3237,96.0064,,,,92.7462
2024-07-15,81.1603,96.4350,,60.0757,94.2529,62.8976,65.7784,85.3083,,,3.2550,83.4467
2024-07-16,75.3152,,93.2900,73.7009,81.3385,,73.7072,,,,,55.7159
2024-07-17,85.7096,26.1650,,77.9702,93.6844,98.0770,92.3236,75.2196,92.5950,,,95.8355
2024-07-18,64.7536,64.8000,,66.8785,67.8190,92.6080,79.2465,97.9200,,,99.9000,74.6737
2024-07-19,67.8643,87.1985,,76.4207,66.9555,54.5551,92.9416,93.5096,,,0.8350,84.0778
2024-07-20,73.3888,91.8000,,81.8461,81.7327,62.3838,93.2111,97.4250,87.1500,,,73.4343
2024-07-21,81.6347,,95.8450,80.3298,85.6506,,87.5219,98.8680,,,,88.8145
2024-07-22,82.2907,,,94.6623,78.3147,95.3818,92.2459,95.9738,,,,99.3250
2024-07-23,79.2901,82.9850,,66.7545,86.4766,,90.2287,97.0773,,,,75.4925
2024-07-24,77.2454,,,60.5684,95.2403,36.7775,96.5113,87.9353,,,,81.9429
2024-07-25,61.5398,86.1350,,43.1104,68.7774,81.8450,50.0027,96.9100,,,57.6550,61.0019
2024-07-26,78.3133,,,80.6524,71.6727,81.7292,88.9185,82.9850,,,,59.3572
2024-07-27,85.7323,82.4678,,90.0552,66.3240,85.8179,88.3966,89.8593,,,99.4150,90.1357
2024-07-28,82.5704,,,83.9079,84.4074,88.3712,95.1911,91.1250,,,,93.2900
2024-07-29,71.5418,,,89.3475,85.3673,47.1499,93.1246,97.1179,,,,30.9100
2024-07-30,77.6418,,,73.5035,79.8295,86.5558,84.0247,66.4358,,,,
2024-07-31,73.8415,92.4050,,62.6410,86.2483,81.5768,92.9911,89.1774,,,97.3400,62.6491
2024-08-01,72.0913,,,61.7805,,77.4014,98.8143,,,,,93.8559
2024-08-02,80.0195,84.6478,,81.8186,53.6874,84.8421,76.9014,83.5250,,,,84.7657
2024-08-03,65.9650,94.1700,,61.5334,52.0421,58.7694,73.0030,,,,,82.4688
2024-08-04,64.9969,40.3714,99.6500,38.9360,13.2410,39.4762,48.7533,,,,,86.5815
2024-08-05,52.3076,92.7750,,17.0847,33.1231,18.1550,15.0084,,,,,72.3159
2024-08-06,55.7326,81.8450,35.1800,47.4812,29.4405,66.7771,63.7656,85.7450,83.9250,,,67.0000
2024-08-07,75.9010,,35.7758,63.0996,49.4562,62.2129,82.9273,89.5674,,,99.6800,75.0965
2024-08-08,76.4571,69.4600,99.5550,65.8672,62.0433,77.0527,72.8205,93.5692,,,99.7650,81.4595
2024-08-09,85.6013,,,63.2196,90.3606,83.4176,93.8729,93.4382,,,,85.6465
2024-08-10,58.6745,38.8035,,54.1789,44.0881,99.2350,43.0170,,,,,70.7055
2024-08-11,79.8286,,90.3700,81.3735,51.7926,66.7643,83.0133,,,,,75.9819
2024-08-12,56.6996,,,58.8841,61.4912,52.2677,55.9945,2.7200,,,,
2024-08-13,80.9804,54.9852,,83.1952,79.2950,,92.1978,,,,,71.0750
2024-08-14,79.3539,98.3311,,72.4305,66.0466,88.5850,93.3715,,98.0300,,,62.7679
2024-08-15,72.1760,66.4755,1.6934,75.9422,9.1200,77.8700,88.3492,23.6650,,,,76.3350
2024-08-16,76.7870,69.0900,,83.3661,74.0866,79.7500,64.4136,91.3550,,,99.9200,94.9188
2024-08-17,72.1399,,,68.3981,5.3256,98.7050,79.6319,27.9800,,,,84.5801
2024-08-18,66.3752,86.1361,,62.5350,83.0300,,54.2509,56.4000,,,,78.0786
2024-08-19,77.7733,,,57.2086,95.0832,68.6943,93.4836,47.4641,71.0750,,78.6448,91.9950
2024-08-20,79.4961,,,46.3592,,59.0789,92.8308,60.2413,,,,87.3268
2024-08-21,88.5437,80.4623,,96.6584,72.9400,68.5623,91.4414,94.0350,,,,97.5376
2024-08-22,66.0333,74.6369,45.5000,71.0559,,91.2966,65.5067,28.0837,,,,69.4147
2024-08-23,71.1359,89.9694,,66.7250,77.3095,42.7412,78.1771,75.5300,,,99.2950,72.9750
2024-08-24,75.8849,12.4700,7.5600,94.2917,61.4232,62.4744,71.7102,,10.1773,,,67.4793
2024-08-25,71.5061,,,50.4925,56.7417,,88.9248,95.2100,45.1797,,,94.5630
2024-08-26,66.8349,,89.8200,66.0151,60.2931,,76.7007,65.9100,38.8848,,,84.9035
2024-08-27,72.1453,38.6850,,87.3881,45.8221,63.8989,82.0764,,28.8155,,82.9850,84.6265
2024-08-28,82.4256,,61.9413,79.0028,83.3175,73.4503,91.7807,95.2100,2.0757,61.3150,99.4650,27.3357
2024-08-29,62.8995,,,51.0360,8.4200,60.1150,57.3938,68.0600,21.4667,,,77.7936
2024-08-30,70.5906,92.7468,,49.5491,77.2509,75.0279,84.0184,17.6642,17.4781,,,94.0850
2024-08-31,86.1386,35.2000,,93.5067,90.8978,52.1490,88.8315,,3.7700,,,37.5000
2024-09-01,73.5847,98.4049,,61.7868,35.6273,94.1700,70.2808,,,,,92.5180
2024-09-02,86.1961,96.7650,,76.7400,23.7900,72.8737,76.0299,,,95.6800,,25.3050
2024-09-03,74.4346,,84.0400,41.7315,36.5002,75.1790,91.6075,30.5158,81.9200,,,83.2102
2024-09-04,68.0101,,,69.5013,14.0800,88.3056,25.4399,72.0200,,,,67.0000
2024-09-05,88.7681,,,71.8673,58.8950,95.8007,94.1039,,,,,
2024-09-06,70.0302,92.5950,,39.0190,98.6624,57.4159,35.7626,87.1172,1.2200,,,65.1933
2024-09-07,89.8085,,14.5200,53.7245,42.3450,,85.2350,99.7400,,,91.1250,43.5650
2024-09-08,71.3333,98.6150,,57.7983,48.6303,76.2168,54.8861,,25.0700,,,78.5711
2024-09-09,67.2505,42.4450,,82.7114,58.3455,65.9100,74.9485,,97.2950,,,65.1148
2024-09-10,64.6475,,,67.1626,,87.3937,53.4027,76.3350,83.5250,93.6000,,77.5424
2024-09-11,88.8335,,,92.9174,25.3050,10.1800,97.9683,97.6118,,,99.9000,84.8108
2024-09-12,88.1946,,,86.5666,,77.5504,87.7959,79.4163,,,,78.2118
2024-09-13,85.8292,,,79.3192,98.7200,90.8250,88.0419,,,,,81.6115
2024-09-14,77.1539,,,83.8645,,79.8429,83.8406,78.6640,,,92.8432,75.8057
2024-09-15,84.9268,,,75.6005,93.5707,84.6626,79.3143,,,,,89.9534
2024-09-16,77.8071,90.8800,,79.8407,71.1251,,81.2689,,,,,89.0927
2024-09-17,83.9260,82.9850,,90.4207,87.5300,89.8200,95.5709,,,65.9100,94.6700,83.5250
2024-09-18,70.1931,17.0350,88.2500,71.8692,96.2317,,52.0612,78.5950,89.8200,91.1250,,93.8015
2024-09-19,74.0610,99.4191,,64.0912,38.6850,,94.2238,90.4749,,,,67.1060
2024-09-20,86.4528,84.5050,,84.6738,42.3450,93.3558,97.5608,65.9100,96.2819,,,68.2980
2024-09-21,74.0745,,,71.5191,71.5287,88.9150,88.8580,90.3700,68.0600,,,81.5500
2024-09-22,86.1431,,,92.4503,80.0309,,71.8174,99.8650,,,,68.1664
2024-09-23,84.5252,,,78.2008,57.6550,57.7440,97.9786,,,,,81.9007
2024-09-24,82.6563,,,87.0221,92.1597,94.4381,98.0063,85.9001,,,,88.8965
2024-09-25,79.6559,,90.1200,64.0356,96.6015,91.6275,91.9879,35.2000,,,99.8400,96.0050
2024-09-26,79.2254,,,93.6190,79.0894,89.1923,77.7104,87.3081,,88.8019,,18.1550
2024-09-27,88.4036,,47.4200,89.1676,72.8231,81.6100,98.7050,85.7066,98.6600,,97.3300,61.6981
2024-09-28,87.4283,,,94.9580,68.6254,93.0629,90.4899,,73.8350,,89.8211,75.6314
2024-09-29,83.5318,,,89.6961,91.5407,95.9628,89.9118,89.2250,38.6850,,,89.3614
2024-09-30,78.9482,92.0350,,57.3573,77.9611,90.1723,98.0113,,,,,94.3448
2024-10-01,75.1695,45.0650,,74.3163,89.5202,92.6587,76.6880,82.6214,,,,87.1778
2024-10-02,80.7251,,,89.8348,94.5747,87.3430,84.4112,,,,,88.8331
2024-10-03,75.7370,,,59.4686,80.9989,61.0171,92.8676,49.7142,,,,70.4219
2024-10-04,82.3606,,,80.1605,76.8100,,79.7034,90.1000,,,97.1600,69.4364
2024-10-05,65.5542,65.9100,,67.0647,49.8464,88.2500,51.3759,25.3050,3.2300,,99.9350,59.7748
2024-10-06,83.5665,,,97.9293,77.1325,99.8850,38.0773,,,,99.8900,53.4601
2024-10-07,72.9228,84.2409,,63.0519,71.9578,94.7587,94.7244,,,96.2050,,10.4700
2024-10-08,72.7206,,,72.0960,79.1195,83.8238,62.9079,76.3350,,,,71.0607
2024-10-09,66.2026,75.8513,,61.6368,96.0050,,78.3388,,,,,53.8600
2024-10-10,80.0354,,,92.5309,52.6569,,96.1100,96.0050,,,90.1000,37.2820
2024-10-11,87.6760,17.5700,,78.6576,83.8698,22.1300,96.5534,93.7500,,,99.7650,36.5043
2024-10-12,82.1602,,,86.7923,14.7050,92.0100,84.9405,90.1000,39.8850,,99.8664,86.8993
2024-10-13,76.8778,,,65.2988,68.8076,78.5153,88.0907,,,90.1000,,71.0659
2024-10-14,61.4656,,,86.5955,94.4250,72.0182,83.6504,,50.7645,,,9.5676
2024-10-15,90.2117,,,92.2397,99.0764,70.1114,97.2303,,,96.3000,99.8900,69.2007
2024-10-16,90.3885,11.0850,,94.8497,,,94.6638,,,,99.7950,77.1703
2024-10-17,82.8177,,,87.7726,97.3853,84.0400,94.5311,95.4600,,,86.3450,47.7852
2024-10-18,84.8383,,,82.3531,88.9150,98.3766,92.3463,,,,,68.6864
2024-10-19,81.9720,,,91.2079,46.5918,93.9727,94.9081,,,,,72.1555
2024-10-20,86.2199,,,94.0027,43.6000,72.0200,97.0945,,,,,62.3907
2024-10-21,89.2027,92.7750,,72.9466,60.1150,98.2617,98.2360,90.7641,99.6200,,,78.0317
2024-10-22,79.8637,,,81.8909,16.8216,,97.7482,94.0155,,,,87.8222
2024-10-23,66.5917,,,73.7457,86.3450,,57.0122,60.1150,,,95.3700,85.9617
2024-10-24,84.7435,,,68.2061,69.0350,,95.4204,68.2339,60.1150,,,75.8704
2024-10-25,82.8852,99.8150,91.3550,78.8798,94.4250,94.3000,92.1550,99.5650,,,,39.0753
2024-10-26,59.7997,,,81.5032,,98.8379,75.8299,,,,16.3725,42.5907
2024-10-27,83.9628,90.8800,,96.0080,98.7815,95.5730,99.0861,,,,,82.9844
2024-10-28,79.7218,,,86.5372,86.1808,,59.6382,,,,,31.9400
2024-10-29,82.0219,,,92.9553,89.0080,92.5950,45.3248,85.8767,,,,
2024-10-30,91.9009,,91.3550,86.1764,,88.7645,98.9111,,,,,2.5750
2024-10-31,79.4592,92.1300,,84.2715,38.3012,77.3722,78.9642,93.3850,68.0600,,,85.9574
2024-11-01,81.1092,,95.0050,85.9099,73.8350,,91.3195,,,,1.6400,73.4897
2024-11-02,87.3408,86.1800,,87.0553,47.9187,98.3943,96.9829,,,,,97.0836
2024-11-03,80.6072,86.3450,,71.9301,90.6619,49.1838,95.8900,,,,,
2024-11-04,89.0835,24.6990,,94.5402,73.4919,91.5248,86.6289,,,,,92.2459
2024-11-05,89.1254,,,81.6455,61.7940,88.6450,97.2073,75.5300,,73.8350,,93.8993
2024-11-06,94.7322,,57.7049,92.7407,,91.3956,97.5618,63.6600,,,,92.3041
2024-11-07,88.0594,,,86.7585,74.5919,93.0862,96.9922,,,,,69.8539
2024-11-08,88.6568,99.5415,,88.4805,85.0804,97.0550,97.3634,,,,,69.0900
2024-11-09,90.6499,94.0350,,91.0463,85.8385,97.8250,97.7693,,,,,98.3892
2024-11-10,86.7833,93.4450,,92.4354,89.8915,99.1571,95.3663,,,,,80.4804
2024-11-11,80.8525,,,76.9300,86.1999,81.4707,94.3071,96.6250,90.3700,,,91.1250
2024-11-12,82.4838,,,90.9010,64.9898,97.1356,96.8404,,22.1300,,,
2024-11-13,95.6700,,,95.9325,80.8411,66.1047,98.6892,,,,,98.2200
2024-11-14,88.4059,,98.7500,89.4575,96.2878,93.1339,93.5029,77.1150,,,,84.7256
2024-11-15,79.9152,72.3302,,60.7319,,87.5300,98.8920,,,,,94.9955
2024-11-16,81.3508,59.1331,,91.1597,90.8800,99.5782,57.3949,,70.0950,,89.5300,88.2554
2024-11-17,89.4648,98.6750,,71.9823,97.8900,84.5400,97.5350,,,,,71.8665
2024-11-18,85.5981,39.0711,,88.4325,86.7550,2.3450,98.6845,,,,,76.9937
2024-11-19,90.3834,99.6655,,78.0449,57.6550,94.0350,97.1536,85.0150,,,,98.6399
2024-11-20,86.6062,80.6200,,78.7959,97.3000,78.0072,96.7951,99.0181,,,,60.9327
2024-11-21,75.6822,,,72.1016,55.7174,97.9274,58.9585,59.1400,,,23.0600,73.8350
2024-11-22,93.1246,,,92.4220,89.0729,91.6853,94.9847,90.3145,94.8950,,,89.2202
2024-11-23,86.1734,,,74.6464,86.0800,94.4328,94.2036,84.3857,,,,97.8966
2024-11-24,84.6517,98.7200,,31.3384,22.1300,91.5800,97.7368,94.0331,,,,86.7550
2024-11-25,93.7343,7.7900,,91.9396,87.1187,83.2970,94.1541,48.4967,,,,91.2757
2024-11-26,82.8465,,40.4950,60.7900,,96.7450,81.1819,81.2450,,,97.2250,96.0542
2024-11-27,90.4715,84.5400,,89.2719,74.7661,37.3967,65.4129,95.2288,,,99.7150,61.3150
2024-11-28,90.0285,95.5000,,89.6356,98.9540,96.3876,93.0344,99.9550,,,,90.9000
2024-11-29,89.5542,99.8300,,65.7108,99.5194,99.4400,99.5523,,,99.6050,,91.7151
2024-11-30,92.6022,99.1505,,97.6333,99.6874,61.7501,91.5635,,99.6950,,,88.3571
2024-12-01,85.6876,99.5600,,91.5705,99.8116,,98.5012,,,,,99.9700
2024-12-02,90.7458,,,77.9570,,79.9700,97.7818,,,,,89.5332
2024-12-03,95.7632,,,71.0710,96.0050,92.2100,97.2614,67.0000,,91.5800,81.8450,99.3121
2024-12-04,80.8960,56.4000,96.0050,84.6273,7.9110,,98.6198,90.8800,,,,85.2935
2024-12-05,92.6523,,,94.5806,99.2193,99.7482,98.3492,98.2854,,,99.9500,73.2868
2024-12-06,95.5835,99.4814,,91.3081,,99.7548,98.7579,81.5154,,,,98.2996
2024-12-07,96.9050,,,95.7342,99.7042,98.3683,96.7374,,,,,99.1613
2024-12-08,91.1604,11.4729,,93.4102,,97.0133,89.4876,98.9500,,,92.1483,77.0218
2024-12-09,91.2240,3.9900,,94.7932,,99.3875,97.4941,99.6400,,,,99.8232
2024-12-10,85.0063,,,77.5336,71.0750,99.7670,61.6667,,,,,64.9389
2024-12-11,93.7953,,,92.1375,98.3561,99.6549,89.1314,89.5050,96.7850,,98.1689,
2024-12-12,93.6434,80.2200,,90.9611,99.7500,99.5325,73.4506,84.0400,,,,78.3050
2024-12-13,97.3680,96.7657,99.5081,93.0161,99.2850,,96.2986,52.4351,,,99.2200,97.7059
2024-12-14,91.4519,,,78.0308,,98.2058,84.8135,,,,,89.2900
2024-12-15,92.9985,56.8268,,71.0459,97.9700,99.7650,81.3025,,,,99.8400,99.3018
2024-12-16,85.4391,99.7000,,80.6445,99.3080,92.6050,84.9130,5.7950,,,,99.6459
2024-12-17,97.9365,,,99.6278,,,99.7846,,,,,90.7202
2024-12-18,91.4543,97.3250,,80.6102,98.7283,20.0300,96.4106,,,,99.6150,71.0750
2024-12-19,90.5556,,,83.2368,72.0200,98.8500,79.4386,,,,,99.5169
2024-12-20,77.8128,,,52.5129,99.8900,58.7334,63.2661,40.4650,95.6600,,60.1150,99.9250
2024-12-21,95.9858,99.8450,98.4700,93.6520,,98.3300,97.3966,,,,,98.6068
2024-12-22,96.5270,98.2450,,93.7134,99.8550,96.2831,99.0995,,,,99.9300,97.7065
2024-12-23,82.4203,72.0200,99.8800,78.0456,,97.7307,64.9252,,,,99.6600,59.1125
2024-12-24,91.2825,3.7400,,87.8059,,,92.0816,99.4650,99.5850,,,97.3307
2024-12-25,91.5463,15.4600,,96.6824,,98.5726,71.3803,91.3632,,,,
2024-12-26,91.2036,96.3000,,97.5553,99.8509,99.5280,92.2205,,,,,
2024-12-27,89.8094,,,98.7200,97.3400,,79.0895,16.1200,,,,98.8147
2024-12-28,96.8775,,,98.1553,,99.5104,99.2135,99.6000,,,7.0550,98.6200
2024-12-29,91.0925,5.4500,,88.8518,4.0700,,85.6592,,,,99.6100,94.9363
2024-12-30,92.7578,99.6000,,78.3554,98.9089,,97.4992,99.0650,,,,98.9378
2024-12-31,93.8917,,,86.8994,95.6706,99.7569,83.2181,83.4430,,,,99.7332
2025-01-01,97.4708,99.5000,,97.1663,97.3802,,97.1824,95.2585,,,,98.0679
2025-01-02,85.9446,,,89.5868,98.9050,99.6796,85.2772,99.6623,,,56.0612,99.3994
2025-01-03,93.3863,99.9150,,97.6325,,99.2633,80.0020,99.6698,,,,68.5566
2025-01-04,95.6404,,,81.5495,99.6374,99.9297,98.8605,99.6750,,99.9500,,
2025-01-05,96.8586,9.3900,,97.8406,99.5450,96.7859,99.5550,,99.2850,,,99.8600
2025-01-06,92.0453,,,76.9067,99.2890,99.4943,99.3888,97.3510,,,99.8350,98.1273
2025-01-07,93.7477,,,95.8220,,99.7947,96.7094,89.0086,,,,94.7379
2025-01-08,90.4370,99.7477,,85.5324,69.5638,95.9550,88.8121,99.3045,,,,95.5412
2025-01-09,74.1493,,,70.8975,,,71.5057,,,,,
2025-01-10,83.5045,,,75.3887,,99.6250,98.5265,,,,,66.0028
2025-01-11,93.0584,,,94.8904,,99.5696,87.1988,,3.2750,2.1400,,99.7335
2025-01-12,95.7295,96.6250,,99.2219,,,99.6495,,,,,85.2227
2025-01-13,87.1701,,,94.5430,97.8245,99.6650,83.7969,,,,,99.6616
2025-01-14,80.6742,98.7650,,95.1141,98.4800,99.5650,64.8575,16.0198,,95.4050,,96.1096
2025-01-15,90.4939,,,27.1429,1.5300,97.5468,90.6700,,,,,99.4027
2025-01-16,92.0667,99.7050,,98.7225,99.9450,99.0850,99.6622,,,,,99.3732
2025-01-17,99.1190,,,95.4464,99.2800,99.3500,95.0902,99.6400,,,,99.2779
2025-01-18,95.9599,,,20.7851,98.9500,92.4335,99.6207,91.1528,,,99.4750,99.3300
2025-01-19,96.3593,99.8075,,96.6236,,99.4650,99.3609,95.5112,,,99.8400,99.4428
2025-01-20,93.3784,,,84.7343,99.0533,98.8542,95.1845,93.4675,,,,99.6234
2025-01-21,93.7670,,,98.6411,98.9430,29.0060,87.9171,99.7936,,,,98.7985
2025-01-22,86.0266,,,91.8934,99.1372,90.2305,82.2090,97.8900,,,,82.1420
2025-01-23,92.9274,,92.9150,90.7072,76.5124,99.4201,85.6404,99.2750,,,,85.0150
2025-01-24,97.3268,,,99.4771,99.1492,95.2453,96.3059,,,,,94.3650
2025-01-25,93.8895,,,99.8143,98.3050,8.4650,98.7838,99.9400,,,29.4700,9.0550
2025-01-26,95.5715,,,90.6461,,64.3174,99.5276,,,,,98.9277
2025-01-27,91.8525,,,87.6414,98.4874,,73.0259,95.1100,99.5050,,,99.0250
2025-01-28,91.2433,,,91.6257,98.2950,91.8000,99.0134,94.8520,,,,67.1615
2025-01-29,96.8200,99.0900,,96.6042,,99.7774,98.4785,99.6955,,,,
2025-01-30,94.3943,,,94.1771,99.9419,32.7397,81.2932,92.7750,99.7200,,,99.5642
2025-01-31,85.3492,,,84.4734,87.8950,98.2752,95.6289,99.8150,,,79.9700,99.6591
2025-02-01,97.7237,,,95.7934,,,99.6439,38.3350,,,,99.3934
2025-02-02,89.2257,,,96.4868,98.3950,93.4743,91.4857,99.0550,,,52.2745,97.6177
2025-02-03,75.3243,95.3100,97.1150,65.5060,0.4550,,54.6035,,,,,99.5750
2025-02-04,89.9195,0.6850,,68.5753,,99.7352,97.7824,96.5822,95.3750,,,98.6064
2025-02-05,92.0584,98.1660,,83.3968,92.3898,2.6700,77.3634,,,,,93.3226
2025-02-06,85.7178,98.6300,,96.4699,98.9106,99.2000,99.4166,53.2022,,,99.3750,84.9110
2025-02-07,87.2512,,,85.9539,94.2840,70.7250,71.5352,99.2723,,,,97.8292
2025-02-08,91.7525,,97.9900,99.2424,99.7350,99.9800,75.8351,,,,99.8200,90.6788
2025-02-09,90.4890,,,18.3200,,99.3189,51.8959,,,,,3.1750
2025-02-10,87.4205,,,63.9864,60.1150,85.7869,67.6574,34.0900,,,,80.6127
2025-02-11,89.8233,93.4450,96.9250,86.3042,99.6004,49.4394,96.4974,99.8600,,,,96.9385
2025-02-12,93.2780,,,82.3336,,98.3418,99.8869,99.9650,,,,88.4227
2025-02-13,97.6573,99.8950,,90.7333,99.8200,97.0427,97.9018,,97.1150,,,91.2201
2025-02-14,97.6455,,,82.3777,99.6050,89.0842,98.2952,99.6650,,,,99.7718
2025-02-15,98.1693,,,99.5376,99.9309,99.6491,99.3478,99.6321,,,,99.4827
2025-02-16,93.0618,,,98.2849,,97.9800,81.4405,,,,31.3550,98.9912
2025-02-17,88.6909,,,99.5207,99.5850,97.5434,74.0895,,,,,92.5049
2025-02-18,92.5061,3.3750,,86.6080,55.1350,,80.3604,99.9750,82.4300,,7.6700,99.8950
2025-02-19,91.0836,99.4250,81.9950,86.1976,60.4218,7.2250,96.6470,23.8550,99.2900,,,89.0359
2025-02-20,89.5397,99.7020,47.4200,96.5783,95.8759,77.1405,74.9391,,,,,98.2737
2025-02-21,87.6740,,,92.7367,78.3225,97.0680,95.8671,,99.7500,,,69.4950
2025-02-22,81.7593,,,1.5786,48.6352,,99.4417,,,,,68.9328
2025-02-23,79.7784,,,86.8339,3.6194,99.9300,98.7387,,,,99.8050,94.1625
2025-02-24,91.5029,99.8300,,98.3769,77.4576,,71.6625,,,99.9650,,99.6226
2025-02-25,78.0441,,,69.0752,1.9917,99.9850,18.4199,99.9800,,,99.9700,97.0772
2025-02-26,69.1645,69.0800,,60.3239,50.1706,,55.9458,,,77.1150,,99.5916
2025-02-27,92.3702,,,39.2428,98.6565,99.0500,53.3451,99.4878,,,,99.7600
2025-02-28,82.5205,,,60.4617,99.0148,,32.5174,96.5337,,,,53.6924
2025-03-01,92.4469,,,86.9573,96.3000,,98.5983,84.8786,,,,99.6654
2025-03-02,90.2799,1.3250,,95.7452,15.8500,94.5667,69.3367,97.8950,,,99.9050,97.4184
2025-03-03,94.3408,,,73.6216,99.9874,85.6709,90.6288,99.8450,99.9750,,,99.7500
2025-03-04,88.6223,13.1237,,97.7058,2.2050,1.3850,80.9548,49.4521,,,,80.6950
2025-03-05,90.9125,99.2700,,97.1511,31.3628,50.3158,98.9515,,,,96.8350,74.6332
2025-03-06,94.5002,97.8015,,71.4926,87.3275,,92.9596,,,,99.9150,99.1068
2025-03-07,97.7820,98.7950,,92.9150,99.1000,99.7850,90.3261,77.9205,,,,
2025-03-08,94.6242,,,73.5135,,79.9700,99.7117,,,,,28.3350
2025-03-09,87.1072,99.9550,,82.4889,,,99.4799,12.0950,,,,70.3910
2025-03-10,84.3364,,,87.1483,26.8749,,44.1397,99.3900,,,,97.0632
2025-03-11,81.6933,1.6927,84.5000,83.0590,5.7750,,64.7057,99.8688,,98.7950,,99.6200
2025-03-12,85.5448,99.4900,,74.1090,4.6350,,71.4545,99.6049,,,,99.6836
2025-03-13,93.1744,,,97.3618,99.8680,77.1150,84.5475,98.4082,,99.9154,,99.8425
2025-03-14,68.2974,2.0750,,79.5383,5.8300,99.6400,44.7280,97.0657,0.3150,,,99.1900
2025-03-15,98.3891,,,99.7615,,99.0900,99.8563,,,,,97.7930
2025-03-16,94.8850,89.5745,,97.3281,99.9200,65.8092,94.8620,,,,,99.4203
2025-03-17,90.1062,99.9800,99.6450,82.9826,99.7950,99.9436,88.2164,98.9050,,,,99.9510
2025-03-18,85.7790,,94.5500,53.0438,94.6866,60.8540,63.6366,87.2695,,,,78.7520
2025-03-19,87.4820,99.6630,,89.0241,99.9058,99.3050,64.6636,99.1100,99.8050,,99.7050,99.2354
2025-03-20,89.8210,,,83.1893,94.8925,99.9700,39.8321,99.3950,,,,99.8104
2025-03-21,85.7470,,,95.4763,99.3898,86.5082,57.1960,99.9900,0.8850,,98.7900,60.7002
2025-03-22,98.5222,99.1250,,77.2787,,,99.2294,94.7850,,,,98.9586
2025-03-23,79.3757,35.3940,,37.4296,98.2631,99.4977,92.2260,95.4650,,,,56.2536
2025-03-24,91.4791,,99.9100,96.7376,99.5250,92.4598,77.8467,99.7458,,,,99.4701
2025-03-25,91.5451,99.4300,99.7650,95.3045,98.5328,56.5550,93.4200,99.6739,,99.8250,,98.7469
2025-03-26,91.2218,,98.0050,98.3064,99.9029,98.0700,98.9069,85.5500,,,,93.1704
2025-03-27,89.6855,99.0650,,99.5780,99.3795,0.4750,96.7352,99.8953,,,,64.3408
2025-03-28,89.2220,,77.8700,93.4287,,51.9759,97.2311,,,,,98.3949
2025-03-29,93.6109,92.7050,,98.0134,,88.0750,95.0803,96.0100,,,,93.6216
2025-03-30,89.9293,,,20.9018,0.4550,97.2113,72.9555,,,28.9250,,67.5673
2025-03-31,82.5522,3.3700,,81.4207,99.8800,,76.2635,,,99.9800,,94.0314
2025-04-01,85.7608,95.1100,98.9150,61.7532,76.1921,99.9650,97.8444,,,99.9200,,61.6597
2025-04-02,96.0742,97.1150,,99.6049,99.9550,,96.4335,39.8513,,,,99.2063
2025-04-03,86.8537,93.8950,,53.4949,4.5250,69.3388,98.6396,99.9700,,,,93.4272
2025-04-04,94.4515,99.5194,,95.9223,99.8450,,96.2529,,,,,94.6287
2025-04-05,85.3206,,,97.0818,99.9300,96.9464,87.1459,99.6550,,,,62.8125
2025-04-06,91.6875,5.1150,99.8900,83.2300,98.7750,99.8388,75.6455,98.5450,,,9.1200,98.9354
2025-04-07,64.3565,,,7.0525,89.9842,82.4300,62.5203,,,,,22.3908
2025-04-08,80.6433,,,84.0640,99.9950,,60.4634,,99.9100,,,98.0184
2025-04-09,73.6233,,,38.2620,98.9500,68.5069,60.4138,,,,,76.5197
2025-04-10,84.5334,99.1700,99.7550,89.7441,98.9738,2.7900,83.2794,,,,,99.5910
2025-04-11,83.2118,98.2900,,95.7670,98.6674,2.8400,63.1193,3.5200,,,,99.8600
2025-04-12,90.3916,,1.0500,64.9315,98.6096,,95.0205,,,,,99.3488
2025-04-13,94.7445,,,77.8158,78.3000,99.9619,96.5394,82.7069,,,,99.5578
2025-04-14,82.9280,,,97.5407,99.9352,,69.8543,98.8900,,,,12.2853
2025-04-15,86.9147,99.6700,,95.7038,98.4385,,98.3715,99.2126,,,,97.4761
2025-04-16,86.2578,,,97.4032,99.8550,99.9331,75.4075,99.8400,,,,60.0455
2025-04-17,82.9484,,,81.4923,99.8100,99.6750,77.1210,,,,,57.2168
2025-04-18,83.4307,47.0573,99.7400,87.0753,99.3550,99.7100,78.9396,,,,,98.9647
2025-04-19,92.1936,99.8600,,85.9479,98.9600,99.3950,88.0810,,,,99.3100,86.4080
2025-04-20,89.7526,,99.9550,84.0255,,99.6300,97.4914,99.7600,,,,81.4102
2025-04-21,95.9999,,,95.0420,94.3000,,96.9782,88.6322,,,,96.8981
2025-04-22,91.5185,99.6350,,80.6728,64.0671,,91.2968,65.4079,,,,97.9279
2025-04-23,91.4193,99.9150,,98.0890,99.9317,99.9359,85.2395,99.8153,99.9274,,,41.0037
2025-04-24,93.9130,99.9200,,99.5683,98.0600,99.8507,56.5707,69.0900,99.7700,,,99.8065
2025-04-25,93.9240,99.6850,,98.0348,99.6293,85.9200,96.9004,99.9600,,,99.6833,98.1496
2025-04-26,87.3651,2.3550,,99.1609,99.8805,,92.8554,11.9003,,,,98.2125
2025-04-27,93.8514,,,72.0433,,98.9300,99.7756,94.1700,,,,63.0755
2025-04-28,95.5370,92.5950,,98.9047,97.6162,93.8813,99.4970,99.7358,,,,97.3396
2025-04-29,90.0046,97.2556,,94.0170,99.8950,99.8549,96.6562,99.5787,,,99.7800,84.9661
2025-04-30,90.7006,99.8950,80.6200,95.1846,94.1490,99.1800,98.4168,98.6654,99.7250,,,93.7732
2025-05-01,92.3284,,,92.0724,98.1727,,99.7914,,,99.0700,,99.0909
2025-05-02,81.6094,,,82.3165,,97.9960,94.2221,86.9750,,,,98.6493
2025-05-03,92.3279,,,95.7486,98.7200,,72.5375,,,,,88.0841
2025-05-04,91.5608,95.6800,,74.2617,95.6462,97.6750,75.0453,,,,,
2025-05-05,96.4768,99.9697,,85.4757,79.9061,,99.8818,,,,,
2025-05-06,93.8609,,,79.5337,99.7550,79.1696,98.6851,99.8550,,,,99.3922
2025-05-07,95.4376,98.4700,85.9200,97.4816,98.0050,98.5843,98.7960,,,99.7200,,86.6390
2025-05-08,84.7973,97.5050,,83.3673,,77.2169,97.1336,55.2672,,,99.9750,97.6447
2025-05-09,88.4792,54.6000,,86.5008,97.9432,,84.1279,99.6750,,,99.9350,84.4042
2025-05-10,92.6978,,99.8443,89.3873,99.6237,88.8528,99.0372,0.7900,,,,99.5492
2025-05-11,88.9372,98.3900,,81.4661,96.6600,,79.1407,,,99.7300,,99.8601
2025-05-12,91.5231,,98.9150,98.4800,99.8200,,99.4959,,,,,
2025-05-13,97.5952,99.9469,,95.6922,97.2268,50.6844,91.5990,99.6815,99.9400,99.9750,,99.4020
2025-05-14,91.8288,,,74.6151,99.7950,92.4521,73.1122,98.6900,,,,99.4780
2025-05-15,94.3276,98.6700,,99.1566,98.8909,73.3350,99.6070,,,,96.0150,95.9224
2025-05-16,87.3029,,,92.3248,,99.9259,97.2683,43.1892,,,99.8850,88.1384
2025-05-17,88.7961,1.7400,,86.6686,61.2414,,77.3949,,,,,94.1268
2025-05-18,88.5130,,,78.1133,96.9916,,96.2568,98.7650,,,4.9650,98.4228
2025-05-19,86.2027,99.7600,,89.5552,96.0231,2.4150,96.4638,83.0352,,,,94.8887
2025-05-20,90.1306,96.3000,,93.4476,97.5200,98.9400,80.0242,99.0160,99.7050,,,96.4295
2025-05-21,86.6891,95.0853,,96.5692,94.9782,98.0607,70.2118,,,,,99.7882
2025-05-22,94.5600,,96.1550,86.2417,99.9624,,98.4707,99.8790,,,,99.0062
2025-05-23,96.4130,,,99.3741,99.8866,99.9077,88.5064,98.7683,,,,98.9216
2025-05-24,90.3682,99.1150,,79.9025,71.0255,,78.1839,88.2500,,,99.5250,98.3592
2025-05-25,95.1255,,,94.3038,,,98.0006,,,,99.8750,99.8147
2025-05-26,87.4106,,,93.3086,90.1000,,97.2947,83.2306,,,,88.2469
2025-05-27,90.4462,,,86.7464,98.4864,,87.6478,37.5000,,,,
2025-05-28,87.8310,,,96.8974,99.6850,,84.6037,41.2536,99.7623,,,99.5114
2025-05-29,96.1069,,,99.2919,99.9500,99.6650,98.6138,98.3423,99.8743,99.9700,,96.6005
2025-05-30,85.9288,99.8450,,87.3165,93.3819,40.4325,97.1687,60.9754,,99.9645,,99.4178
2025-05-31,84.8747,,,98.8470,,71.7772,85.0740,,,,,96.1315
2025-06-01,87.1913,12.4700,,91.0359,28.7178,94.1349,75.6266,,,,99.6700,89.6559
2025-06-02,83.7621,,,79.2441,92.2599,99.7745,68.2700,96.9650,,93.8950,,94.5629
2025-06-03,90.4084,,,56.6430,92.7838,99.8038,97.6440,,,62.9188,88.9150,99.8819
2025-06-04,91.4447,99.2350,,87.9610,99.5978,99.9400,96.0374,15.1400,,,,96.5471
2025-06-05,88.6840,,97.7950,75.7447,98.5167,48.4178,98.2893,,99.4000,,20.7050,69.0614
2025-06-06,76.1378,,,55.5885,56.5639,91.9518,81.3152,,85.9200,68.0600,,52.0805
2025-06-07,86.3335,,,92.6742,93.4450,79.5178,62.8315,95.2100,,86.3450,,98.4201
2025-06-08,91.7716,,,87.0725,,,97.5818,,,,,94.2200
2025-06-09,90.7725,,98.4500,90.1375,96.4125,99.8250,82.9148,99.3637,,,,98.4637
2025-06-10,91.1620,99.4000,,73.8947,98.3042,98.1872,96.3842,,,99.5950,0.0850,99.0672
2025-06-11,94.7030,,,99.1226,97.7751,,96.0911,99.2600,,91.7850,,97.6045
2025-06-12,92.5021,,,82.9015,99.0430,99.7050,98.6261,99.6320,,,,98.4110
2025-06-13,83.9472,30.9100,,92.0570,52.9499,66.2811,81.0449,83.7335,,99.8600,99.9450,69.9266
2025-06-14,86.1711,,,88.0475,78.2344,72.4563,98.9326,99.4885,,,,91.7564
2025-06-15,92.3107,99.6903,7.9900,47.3790,,92.7750,91.5649,94.6700,,99.7850,99.2700,97.5941
2025-06-16,92.4603,,,77.9955,90.4711,,83.7021,,,,,95.8563
2025-06-17,92.4640,4.0700,97.3350,89.4691,97.6800,,96.3796,59.5921,,,,73.5148
2025-06-18,80.8430,,,84.1676,98.0362,99.4378,91.3406,,,,,88.8127
2025-06-19,84.3550,,,95.3216,99.6057,,69.8776,94.7743,,62.5000,99.1800,75.4205
2025-06-20,83.3492,,,81.6433,75.5300,,96.3814,99.9800,,,,63.3491
2025-06-21,91.3811,,41.1050,71.0760,61.3150,99.4450,92.4310,93.8950,,97.6373,,96.5305
2025-06-22,78.1530,95.0856,,67.8734,0.3400,,15.5005,49.0927,83.7000,,,70.3837
2025-06-23,80.1542,,,79.6211,,,77.7521,,,34.0900,,73.2014
2025-06-24,94.7744,,97.8900,96.0312,97.1214,,93.7143,,,,,90.0141
2025-06-25,89.6419,34.0900,98.8400,93.1445,2.6050,,70.8813,67.6350,,,99.6571,60.4615
2025-06-26,93.0915,,,94.8466,80.6200,,97.8962,99.5234,99.8150,,,91.7130
2025-06-27,96.2353,,,99.2382,99.9245,36.3400,98.6592,94.8600,,,,92.1822
2025-06-28,87.2552,,99.1127,80.5790,72.4150,99.9700,95.8228,89.8699,,91.6700,,94.1947
2025-06-29,95.4026,,,95.7562,52.6217,,99.2706,93.4450,,,,98.0470
2025-06-30,92.5370,,88.6822,82.4228,84.9092,97.0100,98.3066,94.5404,,,,98.1366
2025-07-01,98.6935,99.7250,,97.4220,99.4899,,98.2924,99.7997,,99.4378,,97.9628
2025-07-02,95.3807,,,96.0155,99.5415,,98.6705,,,99.8800,4.2350,99.2246
2025-07-03,91.7408,,,88.0767,99.9299,,74.9474,77.4159,99.8400,,,99.1230
2025-07-04,93.5163,99.6000,86.0026,96.3206,99.8387,97.5450,93.3088,99.7537,,,99.9800,99.6708
2025-07-05,89.8952,,,86.9573,99.9748,94.5757,99.2918,99.5550,,,99.0900,84.8664
2025-07-06,91.1428,,,81.4688,94.8663,98.9419,99.6850,,99.2600,,,82.0974
2025-07-07,90.2505,,,74.1420,99.9779,87.1262,98.7669,83.6100,99.9050,,99.8950,78.2104
2025-07-08,92.0948,97.1150,99.9900,93.4995,64.4525,,97.4674,73.8350,99.8100,,89.8200,98.3114
2025-07-09,91.9653,,96.0050,93.2636,99.8988,98.9945,97.2673,92.7175,,99.9600,,89.3839
2025-07-10,92.0282,,99.8672,94.3841,98.6227,87.0200,95.1106,12.5654,,,,99.8465
2025-07-11,90.4900,99.6100,,89.4198,99.7679,99.9166,78.4391,98.8947,,,,99.7871
2025-07-12,89.5896,,96.8550,92.2266,98.4979,92.5381,98.4104,99.0500,,,,98.5037
2025-07-13,94.1943,,,98.3006,91.1638,99.1679,96.4832,,,,,91.0925
2025-07-14,90.3072,,,95.7070,99.0198,99.5050,90.6201,95.3100,,,,99.6923
2025-07-15,93.8405,,,91.0589,78.3655,60.6390,99.4399,99.2000,,77.3650,,97.1963
2025-07-16,93.0867,,,88.3443,99.2821,99.6150,99.0315,74.6950,,,,99.2291
2025-07-17,94.7987,,,98.6227,71.7262,99.4029,99.0467,89.4800,,,99.9850,99.2028
2025-07-18,94.7126,,99.6450,91.3414,98.1791,93.1100,97.7838,,,,,96.0020
2025-07-19,92.0579,,,79.4189,98.3900,99.5966,99.6855,,,,92.5650,98.5230
2025-07-20,90.9592,,,81.7918,99.6865,,78.7579,99.4350,,,,99.2118
2025-07-21,92.2017,,,97.8145,76.2974,89.4800,98.1305,82.4300,99.7350,,,99.8487
2025-07-22,96.5264,97.4200,,99.6747,99.5167,96.9496,93.0441,,,,,94.9752
2025-07-23,94.9505,99.8600,97.6900,79.4213,99.2991,97.9550,99.8782,99.0373,,,,98.4289
2025-07-24,88.6526,99.5100,,93.5738,92.3282,91.5450,69.0853,99.1900,98.9272,,,97.3887
2025-07-25,91.7443,99.6500,91.5450,95.4531,98.9087,,98.2445,,,,,98.7297
2025-07-26,95.8382,97.2900,96.4300,96.5506,99.5254,94.8070,99.1709,,,,,98.8099
2025-07-27,98.3821,,94.2264,91.4147,93.5793,,97.2688,,,,,98.7837
2025-07-28,97.5940,,99.7166,98.5157,98.6429,99.9443,99.6345,99.9900,,,99.9600,99.2815
2025-07-29,90.7842,,91.5450,92.7522,99.9012,,88.8751,,62.5000,,,1.3050
2025-07-30,95.2541,,,97.3260,99.9036,95.0500,77.0309,99.9900,,99.9682,,42.8890
