,RIDGE,BOOST,OLS,ENSEMBLE,EW,BTC,MV_OPT,RISK_PARITY_ML,RISK_PARITY_EW,VOL_TARGET_EW,VOL_TARGET_ML
2024-07-18,0.0024785946786331035,-0.0010657189429023866,0.0024785946786331035,0.0026726366550868614,-0.009396862493247388,-0.0017500562359714,-0.00668993409454199,-0.006960499228295673,-0.006986367877674928,-0.006909603776382472,-0.0042564410188406605
2024-07-19,0.007530820439781136,0.04099247793660871,0.00523555478545349,0.0054653099159151855,0.039118009144321786,0.0421455434430191,0.04720233429158063,0.0662022004903625,0.08407886009996729,0.03077709635906098,0.010474008856921046
2024-07-20,-0.0024101712254630293,0.015153120402581263,-0.0024101712254630293,-0.0040431470045108435,0.010875607019065335,0.0070110108173924,0.019469458741860582,0.020313993467129456,0.03071197037086047,0.008939753257297322,-0.0019068438311909647
2024-07-21,-0.004108522516932393,0.026923917945527003,-0.009481950391122845,-0.003969591368126534,0.016913426973021353,0.0150441055908516,0.0127098253653633,0.028413733926227445,0.0309476892120701,0.012902464970988459,0.008886330447398234
2024-07-22,0.0031901925332677612,-0.015652027628557302,0.0014864718117033465,0.0036196968750910885,-0.03947314527840074,-0.0088938070474601,-0.045477315394787735,-0.05312690383058112,-0.05989076373452101,-0.03370045441141087,-0.021129824141923638
2024-07-23,-0.013268892051447472,0.025778912418477972,-0.013268892051447472,0.006379579939733976,-0.013956565443533582,-0.0238742737406185,0.04123354185688928,0.012729862537892664,-0.020043920367165492,-0.011764508834577737,0.04753856461858431
2024-07-24,-0.01429438849042271,-0.028871172568579972,-0.014143902368636824,-0.018087559287701914,-0.022955520480359877,-0.0085043019013225,-0.04177330927339608,-0.03734581262997402,-0.038851534886983896,-0.01942646369249735,-0.02317158545834829
2024-07-25,-0.0036540235327388853,-0.000949386006870296,-0.0036540235327388853,-0.005496447042301388,-0.019975431117621914,0.0063116344323079,-0.022947165257226045,-0.0155115916869801,-0.017915147936815368,-0.016178180361559748,-0.002190326860855204
2024-07-26,0.038182747814654146,0.020016910081936394,0.038182747814654146,0.04106800060065656,0.046885739099517626,0.0322221623607026,0.07744727063882934,0.06442152268464188,0.07011881200411409,0.03837021858662654,0.01587347541227079
2024-07-27,-0.013609049360447163,-0.017031269002142843,-0.013609049360447163,-0.014244116861288975,-0.004333752711294831,-0.0002209446127229,-0.01977780470747864,-0.02006289213591502,-0.0197943404435134,-0.003789753413669293,-0.006742338809668415
2024-07-28,-0.013919959473291155,-0.008434567866773159,-0.013919959473291155,-0.014057483752589608,-0.014354894957081678,0.0052610796544021,-0.016851551859237944,-0.03011802252716502,-0.025625751204284397,-0.011945983337136023,-0.013343640789704856
2024-07-29,0.0005366542761138116,-0.0012748239900564253,0.0005366542761138116,0.004941132078281995,0.0018792827791598353,-0.0214556878783811,-0.0019157458843050076,7.77846239609966e-06,0.0013819182643424483,0.0008180629515826733,-0.0011326795208382741
2024-07-30,-0.006487442241614015,-0.0035771690421558464,-0.006487442241614015,-0.006932253297272685,-0.017782990182154144,-0.0090550177698651,-0.04497673985039317,-0.019211263249965166,-0.014103696213327483,-0.014241564246666026,-0.010299987772963273
2024-07-31,-0.012849386260873164,-0.01629327936060002,-0.012849386260873164,-0.014483317444753702,-0.025389011574253304,-0.0234477845431595,-0.01439948339945685,-0.03938753224176228,-0.04229369514704865,-0.021070582161794908,-0.011126617749496722
2024-08-01,-0.002047684913051685,0.0060388820142907255,-0.004851159432857539,-0.0026419825709005063,-0.002931117701280048,0.010796415593556,0.019825513492125746,0.005656439272819974,-0.017123837432746827,-0.002838518086878987,0.022435487427072718
2024-08-02,-0.01584404577727848,-0.04413090110945307,-0.01584404577727848,-0.01584404577727848,-0.07524766050409656,-0.0593517328958094,-0.0518028842499296,-0.1004402251968789,-0.11006518483539805,-0.061731008999816414,-0.040856227271258455
2024-08-03,-0.027380793197866526,-0.028638975108552213,-0.027380793197866526,-0.023761694428455892,-0.0447972095085089,-0.0126495868661682,-0.04203560531483729,-0.06293776336145562,-0.07135664335842162,-0.035343700968503235,-0.014567492838683362
2024-08-04,-0.02499324054173032,-0.010523721405469852,-0.02499324054173032,-0.02499324054173032,-0.05147657765666698,-0.0414680967353129,-0.0545996104483943,-0.05290889629873015,-0.058658044879804735,-0.03989907424327772,-0.014732814630564011
2024-08-05,-0.016185922554627988,-0.0034787625359577884,-0.016185922554627988,-0.015471228773405982,-0.07449534038970064,-0.071300236128196,-0.07573113594362252,-0.08612201204654896,-0.0897882557047764,-0.05626634628126234,-0.03229873607525485
2024-08-06,0.04095451618309396,0.006097707223425661,0.04095451618309396,0.02654855611193787,0.06361984397239413,0.0383436407318389,0.08202645406871292,0.09550188393341486,0.09868432623475903,0.047530231683495225,0.05113721862177137
2024-08-07,-0.030077346049646174,0.004421754654508073,-0.030077346049646174,-0.026827507905846266,-0.03106983791959599,-0.016880046204535,-0.05834564394912065,-0.038744957946218565,-0.02961467568797224,-0.022540687242168813,-0.04273957805702752
2024-08-08,0.06797006750338537,0.05611308676468073,0.06797006750338537,0.06797006750338537,0.12804404706956898,0.119369844717051,0.12055368938148696,0.1607550215819895,0.18855100335461494,0.09171199926071849,0.049262381404034404
2024-08-09,-0.009323429150548176,-0.006607190521582786,-0.009323429150548176,-0.009323429150548176,-0.014049092828684993,-0.0135882540654603,-0.01847082843177001,-0.025899026035768033,-0.030311193906019718,-0.009364751992389522,-0.007928046863451735
2024-08-10,0.005982167821589013,-0.007258089133325953,0.006056275655338097,0.004777251298700407,0.010087553922896826,0.0008928855583172,-0.001399965087515824,0.010743646991015687,0.011285279794264611,0.006951976484224099,0.004583488157571541
2024-08-11,-0.025736497411725484,-0.01645507852893858,-0.025736497411725484,-0.025736497411725484,-0.05498775241923777,-0.035856659123979,-0.027714351423466514,-0.06283710626886448,-0.08219810305890632,-0.03607513660146921,-0.009328522158700078
2024-08-12,0.015312627502645712,0.008038334366107396,0.015312627502645712,0.01378799439212107,0.04578902303300489,0.0106075132075262,0.05628528313083929,0.055473031545826015,0.06166522514047911,0.030015833310653613,0.022930771473774234
2024-08-13,0.008723273201568068,0.0009747427743272141,0.008723273201568068,0.008723273201568068,0.011610946152348294,0.0208663220057312,0.009759859023243111,0.016255106323910085,0.01710676967611486,0.007650691849679255,0.009320976318824854
2024-08-15,-0.009193676852033945,-0.00810585813622959,-0.009193676852033945,-0.00848668544923414,-0.02915477399962611,-0.0196735788893751,-0.01620449291499798,-0.038790365652468635,-0.04281216099503271,-0.019574348020335846,-0.017043354081699033
2024-08-16,-0.0005687023505255883,-0.0182187019588206,-0.0008597901550664883,-0.0008597901550664883,-0.0009123957564314523,0.0233554640482289,0.0053516715066080755,-0.017618335559316297,-0.024325827301620542,-0.0005933259478609378,-0.0013036431958169106
2024-08-17,0.005359058470125274,-0.002838049516558406,0.008187582181890807,0.007734703607685195,0.01546141642115039,0.0098530475240796,0.03512927379704105,0.01861657396899658,0.017896831636319003,0.010113772597650634,0.012677310899243718
2024-08-18,0.006719257008771242,-0.007439549578771663,0.004208727636193784,0.001748748531708329,-0.0050401353342352335,-0.0172915642516024,0.003894385839530239,-0.0046663394669010545,-0.00900547047892715,-0.0032051570440968956,0.0038190201119690805
2024-08-19,-0.009650307308689054,-0.0019796711927544813,-0.009137991451566112,-0.008762701400543436,0.01742187380231853,0.0174056951579613,0.008345634747032649,0.015828767758801113,0.018384395587493697,0.0115903373627707,0.0066420285769755345
2024-08-20,-0.028336861884517277,0.018301601277185033,-0.024573640584758517,-0.027932400244536512,0.013050877846839764,-0.0074134438701589,-0.002230572153810651,0.005148131696890305,0.0028319542493712583,0.00877541923516019,0.007259989569478041
2024-08-21,0.01746232814409153,-0.021707495210677698,0.016502183709188847,0.01686825103280587,0.030034806746544622,0.0360410895279064,0.05327889762956607,0.030601304561886856,0.022659817590750312,0.020243752123412943,0.03552464232730534
2024-08-22,0.018030115708162157,0.014668741426071809,0.019230657423681078,0.019230657423681078,0.02004608103201775,-0.0128177884587736,0.02203068192317304,0.028525422575444298,0.03094588712661603,0.013794818646284915,0.015339844455803367
2024-08-23,-0.014795480330966962,0.046085942688861195,-0.014386582734214996,-0.0210005400163771,0.07801630177570441,0.0612539538475949,0.07871114603801502,0.11849282582293177,0.13431581314167845,0.05292112636018159,0.05079026447035155
2024-08-24,-0.001169170567925891,0.00018270374888344765,0.0042285494097323816,0.0027443564714464443,0.015032462806141804,0.0013319909768352,0.009007142700207417,0.023579520596254865,0.027463084826142535,0.010099496680540268,0.009280033483225673
2024-08-25,0.0005330460794458029,-0.0033047920774512927,-0.0018533131298821386,-0.0028030205932384512,-0.02053433921056928,0.0015278315082845,-0.036077761053143274,-0.02759309090056493,-0.029077882005899315,-0.013592111379492403,-0.015572852619821807
2024-08-26,0.009153256869766986,-0.022307716228675056,0.007712065297489516,0.010033809977339464,-0.044217338679196166,-0.0219986814130231,-0.020580535423771168,-0.057202376185084676,-0.06711475852633109,-0.028679118764338492,-0.022795893003637897
2024-08-27,-0.012772565754020263,0.0018732194381415046,-0.017641973614150055,-0.015158455972914979,-0.0517232357528558,-0.053949532644858,-0.07085217010652253,-0.06652045318847305,-0.0704747927171081,-0.03366023894761008,-0.033757526723509554
2024-08-28,-0.0074241895720956845,-0.009270306048125426,-0.0081874934121416,-0.01650071560205658,-0.003427101225386987,-0.0069995259718668,0.0028048691206480243,-0.00026326941030234766,-0.004224158677400273,-0.002150213739624713,0.00491344742572184
2024-08-29,-0.015775538908311026,-0.014187774317780616,-0.01570265479566004,-0.01725575777116853,-0.002961715143806797,0.0057808671004302,-0.008922345303412293,-0.008704332592260808,-0.008530962763320054,-0.0017129663765984926,-0.00519249652515345
2024-08-30,-0.008133390487732385,-0.011454556539559329,-0.00914376368919359,-0.005362747806786906,-0.0005986891834879707,-0.0040600667342733,-0.025338356004286553,-0.010652184769613745,-0.013709358308154063,-0.0004032959107244274,-0.0020519073058278283
2024-08-31,0.00048236388604181064,0.007676846196710902,-0.00015291613570605003,-0.0026443410089022415,-0.016197230188602665,-0.0023409311230304,0.004832183019125026,-0.019611002297458352,-0.02127858608465017,-0.010611405477367858,-0.00871864394219769
2024-09-01,-0.0075948466199867795,-0.00585294880468748,-0.009085295155862316,-0.00817105240997535,-0.04105508882491346,-0.0280704707711811,-0.05127539282546183,-0.05141721487519318,-0.052392100998948005,-0.02671814032254234,-0.026854653323288694
2024-09-02,0.007715497813662042,-0.008720689860456085,0.007838950421500571,0.016019678993062236,0.04133514942160695,0.0315895331973954,0.005350486498197646,0.04868880143617248,0.055282799333430166,0.026769741353520223,0.019478381670088356
2024-09-03,-0.02921103826591698,-0.007090774940739217,-0.03146060069461559,-0.03033740263490187,-0.04575902023181607,-0.0280821569592535,-0.047136927575216744,-0.06021894515521115,-0.06291495381864352,-0.02928988583221649,-0.029317860383511644
2024-09-04,0.02130899009933744,-0.008343105750227845,0.021985768083503186,0.021985768083503186,0.02229101017004094,0.0085646266236414,0.026364498056907482,0.03259137128751169,0.03429464123655663,0.014409442846646813,0.015777473481590917
2024-09-05,-0.010662720954702824,0.016665720641447557,-0.010123982750404392,-0.010942618576100838,-0.0274442027646805,-0.0309830002808647,-0.03702307316464113,-0.03763562345409443,-0.04116430954612549,-0.018258521682390984,-0.016945560496121927
2024-09-06,-0.015555154024988044,-0.0011974295117367535,-0.014062460431814725,-0.013840033301705804,-0.0313569072943408,-0.0393562329826923,-0.04811615666166097,-0.03254413235610908,-0.029107133298713273,-0.020872557410011816,-0.024533840301150037
2024-09-07,9.11316629226798e-06,-0.005263109308564088,0.0004672865995625185,0.0007197195297971928,0.015203652279399281,0.0037337790838753,0.0030413119400712783,0.019702674383346875,0.021867904672739462,0.01011203671783574,0.008517818850404094
2024-09-08,0.008254233851096807,0.0031060091142646566,0.0072068570884171075,0.007098815140897812,0.026364590083668607,0.0131576119874192,0.029114904385059325,0.03760126142860506,0.04019831598111244,0.018126625280472514,0.018285753485698247
2024-09-09,0.011276583909453408,0.020151830259539587,0.009100778718173587,0.009728206837532019,0.040621305286610884,0.039305041550784,0.053943471665939144,0.06222134281509052,0.06907793109354654,0.02844098342168825,0.027155728609324196
2024-09-10,0.027280041646280014,-0.014177621132378207,0.026195439090194873,0.0286091189871196,0.010702002191655307,0.0101281804718735,0.010945844559855979,0.019289313077965692,0.019620099594429365,0.007422527513598967,0.010479396701569322
2024-09-11,-0.03374239975785567,-0.01906421436095583,-0.03769956886094921,-0.0315340383850048,-0.014399804340076068,-0.0050190565236227,-0.03836429140076486,-0.02718463358528687,-0.027014966535458183,-0.009971718661157371,-0.016326005061120467
2024-09-12,6.121019813556255e-05,0.017873462077582166,0.0005950872469753475,0.0007522130550429093,0.02808170747114684,0.0137812705495035,0.016988743508889122,0.05195221408887984,0.06027330026213795,0.01961760545031927,0.019221176211064308
2024-09-14,-0.0035082990535180987,0.006423828034069501,-0.015623686409571274,-0.013004994277494365,-0.007178710493553166,-0.0086469454204051,-0.007947816864622374,-0.0007693924524328159,0.001148555570445249,-0.004951596992478172,-0.0029894983443371176
2024-09-15,-0.014188858849004688,0.0037463934231898657,-0.013166656761579573,-0.012497220040059421,-0.028310962179395643,-0.0139655229891716,-0.012831964977842648,-0.03170394404541925,-0.03378243897221621,-0.019566666464486765,-0.015346256715287339
2024-09-16,-0.01817558696896648,-0.007227469282133371,-0.017472314229123938,-0.01817558696896648,-0.01982971336876014,-0.0159613914575103,-0.022879813200088004,-0.0203466947617282,-0.017702881429417366,-0.013821154526246056,-0.015224259637485731
2024-09-17,0.014702798480750227,0.01277515102035737,0.014702798480750227,0.014702798480750227,0.02725692557781611,0.0360484805140826,0.052129520071742874,0.05278478456067451,0.05849519994938726,0.018935524963197666,0.021855960435093955
2024-09-18,0.03827258163005392,0.020272225708794306,0.03827258163005392,0.03842319738246889,0.028856667135203327,0.0237400527491875,0.041983935668380684,0.050400796672016406,0.05491845582272045,0.020012995667355288,0.022137895993459878
2024-09-19,0.027523958676760885,0.0065616094753275095,0.027523958676760885,0.027523958676760885,0.036059462873912436,0.0193039061815358,0.03598044007417783,0.040816689473912655,0.06550819409129785,0.024737365441502304,-0.010174779715740656
2024-09-20,0.003948148374278815,-0.015474937082897744,0.0027775371085507275,0.0028842520626862506,0.018104148232254615,0.0040121947798585,0.02536375925219639,0.019375846314431018,0.018843565813487947,0.01268939136240872,0.012051197108277859
2024-09-21,0.009464623558680286,-0.017231667388457137,0.009691466531931313,0.009821348381090153,0.020501230084011564,0.0025431019113841,0.01635826545128296,0.017872448524080507,0.019110276207136005,0.01409352424466073,0.007735652341256218
2024-09-22,0.011645717808894271,-0.010378239264839818,0.013574951726524877,0.010584262057791788,-0.016779682743224097,0.0034150096172096,0.006026544750990975,-0.019006943226463142,-0.02402654252270542,-0.011495782990568304,-0.0035801053629067963
2024-09-23,0.017227571519091392,0.01513929620315655,0.013938527860781293,0.013938527860781293,0.027328219128198748,-0.0038390016086637,0.057177535999126075,0.041248102600247805,0.04276227429050705,0.019054026211830652,0.02393551085933774
2024-09-24,-0.009391411916711907,0.01086683052347007,-0.008914972448790345,-0.009391411916711907,0.02683404884268989,0.0150217917007864,0.019431548975697068,0.040668034396010175,0.04772871220498855,0.018574064402345138,0.014881126232976737
2024-09-25,-0.009265852703724846,0.04092390770242946,-0.009265852703724846,-0.009129515019717914,-0.006535714824318344,-0.0179524584185792,-0.01442520173208686,0.010525956285127558,0.01726466573363327,-0.004396822253675402,-0.003118767937285028
2024-09-26,0.02656192117080083,0.01826731109793639,0.028950679926405546,0.02656192117080083,0.04762040398306893,0.0323982364875716,0.060732593616618896,0.0659639438547884,0.07184225247708337,0.0329412067333361,0.03016486257891076
2024-09-27,0.014515569561900893,0.0015314166102767916,0.014652562025127013,0.015035264729996563,0.027184792539616507,0.0093114468927726,0.008212833291249479,0.03643100956052331,0.03973052153214006,0.018814053038948952,0.01631381436490538
2024-09-28,0.009675670583488479,0.008943157951724984,0.010281630811122032,0.009034770563478081,-0.013334738464751241,0.0013080647841499,0.00779322303959199,-0.010480738860316717,-0.006233979323135514,-0.009190128242624763,-0.011167223130340593
2024-09-29,0.02984607508991615,0.004819829904428285,0.02984607508991615,0.02984607508991615,0.008850293441208027,-0.003956896527397,0.02616563883290406,0.018880944909151376,0.017974663097385768,0.006139474745840997,0.011007159619618118
2024-09-30,-0.01607281505445251,0.01871803950436511,-0.017104154074990968,-0.014573012276921593,-0.043487773691754085,-0.0349512302612649,-0.03202300613397439,-0.04095988047641838,-0.03638235144404614,-0.029930006994586256,-0.026487537947988686
2024-10-01,-0.0179888831018098,-0.0009666072890428257,-0.020168608340721247,-0.019801146244573804,-0.05998125970711665,-0.0395711357334518,-0.05571040260705852,-0.07392964913677166,-0.07131843146012352,-0.040852325186356106,-0.041361292312558924
2024-10-02,-0.016278713775919888,0.012497474629056201,-0.017157952944266894,-0.01831241723467813,-0.01757034568981539,-0.0027026774155801,-0.05257592028045005,-0.022258628720202255,-0.014698246592380424,-0.011627739074596157,-0.020204059275472065
2024-10-03,-0.0016748012141466467,0.014805837252226478,-0.00215689972268016,-0.0035678134243333944,-0.007198011076920213,0.0017546845959015,-0.010785114735311548,-0.015252366041969024,-0.012341926594707623,-0.005074236289229626,-0.01206028586719243
2024-10-04,0.033541775648325285,0.02276281048287354,0.036733569504033656,0.030910200133822185,0.042652117016218356,0.0218605052855587,0.07705180491526577,0.060385001072674374,0.07998101338062799,0.029462321537208208,0.0032997390016564596
2024-10-05,-0.0010014519124497182,0.001490078647120275,0.00035240005328341197,0.0015724522461096698,-0.005135068952122644,-0.0003880086950879,0.014757513110485575,-0.0015461245546050896,-0.012733028712820449,-0.0035753096764026193,0.014860973733521155
2024-10-06,0.025266841327534442,0.050492043071429266,0.024615856352089932,0.041240345477047795,0.02792716432762495,0.0121686201423005,0.03370006135774015,0.06222855715874222,0.06194297969039646,0.01989425230709246,0.03421895866327617
2024-10-07,-0.0020833502686879394,0.0290728370100919,-0.0020833502686879394,-0.001987189441367535,-0.008953908622105359,-0.009516342708417,0.02644888446590004,-0.0026569135304778235,0.006866911033794439,-0.006381442289309673,-0.014857664840065407
2024-10-08,-0.0013294276527088637,0.007212225059077109,-0.0013294276527088637,-0.0019613015859433155,-0.005369069104627457,-0.0014272014448741,0.01362234249088819,-0.006216910024341131,-0.0010114236620956873,-0.004042408933158648,-0.010992686899747285
2024-10-09,-0.007183421487989013,-0.008071454123886025,-0.0064634342911241704,-0.007200610246057591,-0.027364157102760373,-0.0247754694989982,-0.018883694600251952,-0.027068916708903525,-0.03976619215736042,-0.020688660404116786,0.004140886753624166
2024-10-10,0.010296755410282629,0.014200427430703029,0.010296755410282629,0.010300868964045862,0.006151765104507237,-0.0051192250929418,0.028191639538792803,0.01568846233800966,0.01789309728471635,0.005438685162571723,0.005722754336486273
2024-10-11,0.0230097453400916,0.05390656452386676,0.0230097453400916,0.022066423546011404,0.04330526516741866,0.036888141352344,0.03844079848038109,0.06628435475888654,0.08115788162022722,0.03723036534131975,0.015123569544646071
2024-10-12,0.021116761970748132,0.031514054175987884,0.02340325545663574,0.012153399663184098,0.019072830792559777,0.0112939824835271,0.03373183949911212,0.04029971106212889,0.045627944965518634,0.016698980295233413,0.014680460483779923
2024-10-14,0.03280657531425277,0.024987779909618084,0.031769289236587894,0.0322559788878464,0.05482741057701636,0.050587401623332,0.09342675616775094,0.0709678401556428,0.07313644629313716,0.04740893965540034,0.04991480359754162
2024-10-15,0.001634389902030891,-0.008027636205949934,0.001634389902030891,0.0021347057506852264,-0.016581647441528072,0.0151087849281055,-0.022049605476519255,-0.027131891871845847,-0.03117475256517575,-0.016228521549172672,-0.01323610410689825
2024-10-16,-0.004252116327824369,0.012299921494596803,-0.00420467806302339,-0.0012708364785278458,-0.006280096501234775,0.0083296427196679,0.015183186215870573,-0.015575498620926501,-0.027358476523971595,-0.00702568138594675,0.008696919566512452
2024-10-17,-0.009683572742875787,-0.0008023293260464234,-0.009683572742875787,-0.007413067767912524,-0.01707810457953467,-0.0031613256462148,-0.02939243288146853,-0.013044994293382108,-0.012214376722491833,-0.014429025452404324,-0.010550809094636432
2024-10-18,0.01315303601206107,0.027123257367429304,0.013858661804287548,0.012871501333212364,0.029379791421871408,0.0152325238505155,0.04321596422579053,0.04030138260629494,0.0428475638581709,0.024996226918224985,0.024117380226897203
2024-10-19,0.0021040682647309964,0.0037448539175590195,0.0021200698326828814,0.0019613043166864207,0.0034978329814007872,-0.0007500815770771,0.03619705369647962,0.004129628088751458,-0.009291135137660288,0.002657809457174195,0.02293880399537844
2024-10-20,0.033559434314651145,0.012887449609403544,0.033327128708779644,0.03254549230563048,0.03787355640473042,0.0095076251057084,0.080057227217809,0.054168595801786686,0.05206468226332883,0.03366280287890694,0.03872860540140782
2024-10-21,0.011106876846004282,0.003175165163153325,0.01115866749335375,0.013966772733472162,-0.026164245467606435,-0.0242107861696905,0.04141573680069887,-0.022017631296480232,-0.04569584515178182,-0.02242809680574863,0.01980909362658949
2024-10-22,-0.004182399759915627,-0.0024840545025883324,-0.0041803083395287235,-0.005285035462990084,-0.0013891683508063702,0.0006858112936207,0.009421242949500301,0.02929371450484837,0.0007664076418833808,-0.0015259729030843397,0.06292019623288228
2024-10-23,-0.009297989544229269,-0.009308179128130048,-0.009016019169737485,-0.009843717151339037,-0.02170506681653455,-0.0118780586943746,0.004638520182125107,-0.03631799652747312,-0.031996785881553136,-0.021197100383040766,-0.02551371178134341
2024-10-24,0.016343335483307426,0.02458372757150368,0.016343335483307426,0.01862991802313717,0.018518675716395688,0.0235703392235464,0.070921852245467,0.034872402033684934,0.035087721694941766,0.017410272565885208,0.027205708712862074
2024-10-25,0.017402008921147613,0.011110889755515004,0.016503729434730413,0.01962181347125616,-0.06658443587444397,-0.0228265695811521,0.014060940124888122,-0.0836813514664933,-0.10276682396849479,-0.06026571631439323,-0.034911189326273205
2024-10-26,-0.0038687694092207348,0.01221356149497345,-0.0038687694092207348,-0.0036691850459082825,0.016596035139558474,0.0062569607142419,0.018071343254723645,0.013519231532476327,0.022201825054606092,0.013239448941053323,-0.006104805706777961
2024-10-27,-0.016265761098247917,0.00788867322824141,-0.015430274540156073,-0.017372526956474267,0.013837832098552477,0.0139522638511206,0.006108976942050415,0.020514559959679893,0.027995811106543263,0.014053641491016887,0.0004523266793263007
2024-10-28,-0.039555908137487904,-0.007921490444136748,-0.039555908137487904,-0.0354495486248768,0.005330540601549668,0.0289922306714209,-0.028537009696662164,-0.01465465142903816,0.008701367054207007,0.004463759738683233,-0.04149430238903502
2024-10-29,0.004883663272154535,-0.007167384716124152,0.0009167360397983534,0.001710644089780309,0.03505208472340049,0.0398362270813985,0.044283240189307994,0.03961365843352506,0.04203152101972449,0.031889737206196055,0.02943459737409259
2024-10-30,0.012282757928114361,-0.011182665740883122,0.012194866770264342,0.012058504307635439,-0.008938091540219049,-0.0050788558012168,0.02902651407154789,-0.010628602600912597,-0.02119442556921059,-0.007647732784713359,0.012218857146693553
2024-10-31,0.017483248945210954,0.014600642795213836,0.017330390342572572,0.01983624056258193,-0.03673339661638785,-0.0291340585092788,0.056488566807591366,-0.026032732898652995,-0.05144394577052345,-0.03291656230936106,0.0275740355258432
2024-11-01,0.0019482195336589635,0.00396321366810857,0.0014821484189658802,0.0022388493075718285,-0.00645532254118175,-0.0105341545693231,-0.0035881573089472725,-0.018204845400871694,-0.017286992226353555,-0.007992686818864107,-0.0161262813685303
2024-11-02,-0.007408331235623511,-0.013112984708089737,-0.015723788351761497,-0.014848124084362507,-0.02202708285169261,-0.0021697162261912,-0.03306161510409341,-0.027212779377136856,-0.028048485674803076,-0.017395963491123857,-0.019253843540627265
2024-11-03,-0.0039933164030798544,-0.025404943220472268,-0.0039933164030798544,-0.007920840085489649,-0.027991642890336364,-0.0081692904024786,-0.03740847899632572,-0.03442470009960283,-0.0428144709658502,-0.02639922427417549,-0.003881135419314891
2024-11-04,0.010153003707965895,-0.011748121175435344,0.009705668936791968,0.008323624541279644,-0.026992190942330907,-0.0137085000858157,-0.015328599781646364,-0.020684936909961836,-0.042699451222425064,-0.025794247648428924,0.017197819253915253
2024-11-05,0.001576237700765419,0.020345351092662292,0.001576237700765419,0.001576237700765419,0.045875323227401545,0.022875546671818,0.04072132234189611,0.06295103738304568,0.06778525875730015,0.039400603102236184,0.022045125052227447
2024-11-06,0.03153287833143144,0.04761095299531683,0.03294586867651546,0.03035321544993065,0.11056206055954176,0.0894181865722298,0.09468977360396616,0.11693880124115069,0.1692267618256743,0.09846357577942616,-0.012066964657989624
2024-11-07,0.05038370943134739,0.06386409484716865,0.04847303473000829,0.049244505955859656,0.02582428962059288,0.0040424334662949,0.12316142315753151,0.04429362611473009,0.017312791766523436,0.01962053689733348,0.07955221026449456
2024-11-08,0.011291030240416123,-0.029281522281735993,0.011291030240416123,0.009938283595488871,0.008420081086872597,0.0085750293944657,0.008929107485854728,-0.00717111814472467,-0.010972037803389416,0.0074427394514146395,0.0014873323507223445
2024-11-09,0.019172206297831097,0.008709993993534552,0.018710277068444116,0.019126260786638982,0.04712352528302734,0.0021295679776027,0.046879624830148056,0.04864964143587873,0.048614523400088136,0.03713314528658972,0.039171484016508024
2024-11-10,0.01234418889963649,-0.015214496350488368,0.013044831537575935,0.014933658899550332,0.045115981523449845,0.0481096050090634,0.03608303860208302,0.03924258980746218,0.03744686060359956,0.03524033607066311,0.03473611056395311
2024-11-11,-0.037234276849490086,-0.044658211634257344,-0.037234276849490086,-0.034960954383213796,0.07215202621054406,0.1035026413841504,0.025556139399461483,0.0694521158184685,0.08073103780471363,0.05930797306605681,0.035590185851466755
2024-11-13,-0.012522692093544239,0.05570060656207937,-0.014455737547691827,-0.017189577012121565,-0.013444837217594504,0.0278736628933082,-0.024276546524059122,0.0013723055694560109,0.013121937374146091,-0.011843297273084159,-0.020821149921405494
2024-11-14,-0.0167343749845426,-0.0019320992388890332,-0.01780026604300431,-0.01780026604300431,-0.03219208803474377,-0.034992622635954,-0.07348231071663011,-0.047296541741248324,-0.049166952635946046,-0.02484483649628591,-0.03254857989166146
2024-11-15,0.01742445357687559,0.07307153118328635,0.015921024474537394,0.014325385761154906,0.0671168415380166,0.0427346351905288,0.05522652391366666,0.06491185910327299,0.07547982636533843,0.04988112906896479,0.027334234248206375
2024-11-16,0.0057212643882798495,-0.06809630107901224,0.00800319274171863,0.00470567757417676,0.06449175400150164,-0.0054077516368271,0.06022774376717227,0.04403300562609888,0.037810529687600444,0.04957450630223596,0.044566543437699904
2024-11-17,-0.014249262548878311,0.0837806644379562,-0.013980394352127935,-0.015497104660260289,-0.02274662208822094,-0.0078239448633599,-0.02196141925052312,-0.020685827782940522,-0.0194399749048247,-0.018200836673404337,-0.0159227717265174
2024-11-18,0.0527094986464186,-0.06693643645625048,0.052998996105967415,0.052998996105967415,0.053427856408968306,0.0073332619752597,0.08177668129571593,0.04969594625669426,0.04621798554393991,0.04099684319368942,0.046955631706673835
2024-11-19,-0.005267996316651453,0.04248560704160978,-0.008568071828226905,-0.009865932242282915,-0.012387504481968362,0.0205273873381834,-0.004281651213710006,-0.019928895152970555,-0.024286316734086322,-0.012019612491646514,-0.0072440807219218825
2024-11-20,0.03362731694300358,-0.0001021168662603475,0.03362036398427722,0.035078483243674415,-0.030550832459128895,0.0213895997475006,0.03582666054765421,-0.03535451611924301,-0.04808971697122017,-0.02195831926318678,-0.0036137564339777167
2024-11-21,-0.007072579319723896,0.00902411884794567,-0.007072579319723896,-0.007072579319723896,0.05927454477497947,0.0427348390407393,0.07794687417314836,0.0739242375289586,0.07337920880745466,0.04107548942805396,0.04763499455998307
2024-11-22,-0.01826789148574108,-0.02329011270830187,-0.02490190383019074,-0.01771051910645976,0.03528555829671627,0.0055009216291095,0.03947093668157806,0.03066469627438768,0.03614036677419056,0.027182194841639595,0.012531386469978626
2024-11-23,0.0028736817988108676,-0.0022171951952444854,0.0028736817988108676,-0.000506506142642485,0.05574319464960009,-0.0123201900224193,0.0724177582950317,0.06007880270718354,0.06574629379789881,0.040583638013639574,0.031200747053692267
2024-11-24,0.021630694102037853,-0.009718119719621502,0.019658305205193276,0.021259004021949544,0.03312470958765757,0.0024845365139849,0.019064036362993024,0.03615322655013288,0.0476110722070959,0.02137558611711703,0.0062550486230420355
2024-11-25,0.015376628640402255,-0.030922625209196242,0.015676803249268064,0.015676803249268064,-0.033380771442122426,-0.0504470990517481,-0.03144390870703809,-0.03157248100327199,-0.03920673404515482,-0.021204091064525997,-0.00938109440379225
2024-11-26,0.0034798835763673814,0.010870029286428745,0.005109126299913202,0.0048314289445521175,-0.0017791223711133737,-0.0116628302877819,0.05045444083283746,-0.002499246209630737,-0.010563913075369823,-0.0016881823698615514,0.011216741243910429
2024-11-27,0.0014419059357180797,-0.0005831369638427814,2.468513219117119e-05,4.6516647462968574e-05,0.07491766426992799,0.0435814845285158,0.08533626108382376,0.07976931283214377,0.07708637262556867,0.05193464476946422,0.05937340758236359
2024-11-28,0.0029390525638641183,-0.0007509176532411587,0.0029390525638641183,0.00208392695466385,0.0014258047878884367,-0.0029272779364146,0.0035132252434737065,0.005773656580382652,0.007448753058787075,0.002541136011527611,0.0012749095422635729
2024-11-29,-0.001957075066890508,0.030230113733891333,-0.00011360437142426613,-0.01267847001598068,0.038058103572161245,0.0190655875812431,0.029015453694384262,0.04214657477035463,0.04428594870578379,0.027487271927052477,0.02485026882198433
2024-11-30,0.05314007541495208,-0.005112732864058091,0.044990747418088436,0.043914709685647,0.03771829235352767,-0.0103693352182644,0.06253594080643776,0.05735252231866686,0.06078570102563359,0.026964312198371525,0.029205120839435356
2024-12-01,0.01080059050396456,-0.0025927897563180966,0.01080059050396456,0.01080059050396456,0.021363799974535573,0.0078886548913574,0.01765318707662393,0.01645467309858383,0.012520341535695236,0.015199519256493075,0.016321527787113974
2024-12-02,-0.031862155819499416,-0.013337023011428355,-0.03566213391203195,-0.04111612402343938,0.02693344392179355,-0.0141648154697614,-0.00949190768401861,0.024564624273077654,0.02831298991748,0.018216284765153145,0.014268601634946023
2024-12-03,-0.05508359734905384,-0.024804847987073005,-0.04972045224324628,-0.05222005986446609,0.08246659750038958,9.3774758866072e-05,0.04966341538909056,0.07116826352498701,0.07785030371100454,0.06113315452498726,0.0378235525433199
2024-12-04,0.028165074224636006,0.04308966516531044,0.031329257838981474,0.03008499425416217,0.02791140938646641,0.0298563556273856,0.06032893826531961,0.02309159546056685,0.016426042548963092,0.019201934979603104,0.01918893936239064
2024-12-05,0.007667997787202838,-0.046344531263573734,0.009582508994379145,0.008651300065446349,0.0017702878370952752,-0.0170588402569759,-0.010450589080763772,-0.007365282018824889,-0.0046452037072616855,-0.0020450097637960546,-0.008792932886067945
2024-12-06,-0.02317593880059341,-0.002810522530122317,-0.02340613735779884,-0.023609838932889454,0.049749228379226317,0.0290203316969619,0.03498904320313494,0.05413446692956838,0.058850261884830356,0.03567723721867838,0.026151985858759788
2024-12-07,-0.025208781856882252,-0.001482956755569646,-0.025636642018409973,-0.027796718154437097,-0.0007102534766130579,0.0005483823945511,-0.016315217903245773,-0.004065672112501421,-0.00701809797997205,-0.00011826181499917756,0.0019070034886111012
2024-12-08,0.02744947743483156,0.03518429451690449,0.028234949148252107,0.02845122278956077,0.012445031109590991,0.0124455396872207,0.030112962512113726,0.012805244215283717,0.003379547770285757,0.006402758381933809,0.024082955086291834
2024-12-09,-0.0058553436402311865,0.020971959576608537,-0.0058553436402311865,0.0007165166018758551,-0.13595550910770407,-0.0371455121023972,-0.11599927220596587,-0.14896353932403888,-0.15823205332973342,-0.0974352709018116,-0.07400674111654573
2024-12-10,0.006213820497516719,0.014789768493885394,0.004920238375915164,0.006545595133644298,-0.014094996404824884,-0.0076989445109532,-0.0047696306438678865,-0.0163523109777351,-0.016056816366655676,-0.010147073751500502,-0.010293028845634388
2024-12-11,-0.011007936596958194,0.01710352224480889,-0.01048871917573152,-0.00887766671264252,0.076451235948339,0.0466870050185597,0.04050157462874768,0.07088921538349927,0.07802204589625159,0.04617730961782425,0.02584258185102362
2024-12-13,0.005224279589835501,0.019382764365196377,0.007356929459751371,0.006616627220113631,0.008526795295951536,0.0141710774855614,0.0006747348879963615,0.005432098533558631,0.005668221619033149,0.004654407121983338,0.001737169009888647
2024-12-14,0.007606535189273234,-0.017067495887651173,0.00970598278497195,0.0084460241477783,-0.033457941451450625,-0.0004494720490597,-0.05954065719113967,-0.05252988687250411,-0.04026662383496016,-0.021196171963551082,-0.03952036627731536
2024-12-15,0.009519160732897256,0.011551050601261041,0.009955295580039821,0.00861292193824735,0.03139442058914879,0.029473473912124,0.048759614657406435,0.03828247138254508,0.036734861452331374,0.01899792626200426,0.024673827979066844
2024-12-16,0.03334955402886629,0.008477836273486947,0.0311888150665897,0.011317883301266558,-0.015231604304023342,0.0161856887846167,0.008426242575027562,-0.017128345462644773,-0.02740170511880375,-0.01057689387321417,0.004525187720699915
2024-12-17,-1.0939627251242007e-05,4.074432201103817e-05,-0.0005953025316274077,-0.00013574394943534004,-0.028973803840083967,0.0008462353217688,-0.031686975212329466,-0.03525684333470713,-0.03586291252114249,-0.017895755870270105,-0.021046784467893445
2024-12-18,-0.0019835317357888294,0.018148252087828345,-0.0016899037952519125,1.8660673662407312e-05,-0.08320529119190588,-0.0563403678480638,-0.07339487739080178,-0.09017847320015845,-0.09629597549586649,-0.05158922154946993,-0.046002029945420936
2024-12-19,0.007011842604766914,0.053046909083668346,0.005717369432578313,0.01865306029178824,-0.06121000163195175,-0.0270953667499944,-0.04687839733049223,-0.07428207344771554,-0.08499274043639124,-0.036343469142233534,-0.026876023536073983
2024-12-20,0.007412576817816832,0.028447296880805197,0.007207519693235076,0.009783237075596737,0.0479810655348487,0.0040643884314996,0.020620149364993335,0.043714615436693555,0.04343284387302881,0.025117141580288452,0.025027656740777678
2024-12-21,0.022596566896804497,0.017145724964230682,0.022596566896804497,0.023777091979045924,-0.04594524328693104,-0.0064817501317467,0.01946121509569492,-0.045523867932505103,-0.057615963258306674,-0.02589850886148174,-0.010066132797902125
2024-12-22,0.021019624641569812,0.005013911317967899,0.017360812414307515,0.02153655596692456,0.0034507039464244625,-0.0218205383505866,0.003082345208323802,0.009574198207210853,0.006635405209952033,0.0034580786048544502,0.009443369101979663
2024-12-23,0.002279152299159787,0.012960544413382333,0.004399270605297448,0.005560290742636351,0.06665728631455323,-0.0031601145581818,0.06376371718924198,0.07207493957534629,0.075983484567716,0.03738434354208213,0.037359339311155995
2024-12-24,0.013386775215593227,0.08139023061869734,0.013557702640308422,0.013161635595941718,0.04145571404427089,0.0404384182995922,0.05390041990102606,0.049877624511183584,0.04735312263607891,0.023197966305533113,0.030648849039933816
2024-12-25,0.0023885216993578817,0.01895878433584391,-0.0012336784679858066,-0.0012336784679858066,-0.01378016708500913,0.0075402331623277,-0.0006752636139019392,-0.01963463876490823,-0.022456993557630166,-0.008504388245960469,-0.007546176189263478
2024-12-26,0.002933515010564436,-0.0004670213606417714,0.002933515010564436,0.002918329366572915,-0.0560197528864656,-0.0367615366397321,-0.020662261791139537,-0.061340665121501624,-0.06736828184694973,-0.03177225681664514,-0.027205968826576506
2024-12-27,-0.03625872371741978,-0.014630298848971261,-0.03519618530370319,-0.03550095615560081,-0.0039144826587588,-0.0159487026871579,-0.06798743826026138,-0.002678818694963008,0.004954158836609775,-0.0018751938076047403,-0.011715832966309143
2024-12-28,0.004511814642980901,-0.013756132152866637,0.003985674802591443,0.005068796704366406,0.027649650894714568,0.0100609244143365,0.03835048995719306,0.03574484833853783,0.039028554036310475,0.015998172671809592,0.015524420097260577
2024-12-29,0.012680218941122867,-0.0010679182766943143,0.013902043041845405,0.015187021267675745,-0.03564988511230497,-0.0162073275954173,-0.015682085466559546,-0.03716325519241946,-0.04351686452587217,-0.019521590667145164,-0.012259913188428657
2024-12-30,0.006444207404851562,0.03124407302070288,0.006444207404851562,0.008080465701399454,-0.003720840544033994,-0.0100787062400452,0.0004292836666820553,-0.005727263434018883,-0.008826753530623895,-0.0019778677785500113,0.0009837962649649821
2024-12-31,0.005794294257533217,0.022019591754343464,0.0033963370442078008,0.006126896950532926,-0.009653371199513417,0.0083107933249013,-0.008750197314344432,-0.01355570592751611,-0.016065272330619714,-0.00567771771794744,-0.004391341342031023
2025-01-01,-0.015368522262978863,-0.031605615792939704,-0.015368522262978863,-0.015368522262978863,0.03894654286914524,0.0108114685085107,0.044253710053258975,0.05058312946317182,0.05675380208939984,0.02148161526707823,0.0218835317970826
2025-01-02,0.00951993604482964,0.012016165279159892,0.010504156066071413,0.00951993604482964,0.036763330361969965,0.026123423504065,-0.0016582830376516695,0.03811950359089476,0.03808775235523549,0.021635272859024716,0.02105036030005672
2025-01-03,-0.01396998674499926,0.02603041035988224,-0.01496684758648905,-0.010454626859633984,0.05822458020586194,0.0126051218929723,0.045791908405922406,0.06635437496584719,0.07427913814257803,0.03262838938318491,0.03122703901188984
2025-01-04,-0.00982526388234645,0.017831688533294646,-0.010176329564097808,-0.0018226483883929288,0.005216515496414399,0.0007677160215699,-0.016583068228237297,-0.0008221080346581745,0.0008607955967031477,0.002541614964604376,-0.003057285449941307
2025-01-05,-0.007518677938674279,-0.014533697390217166,-0.006283837936753664,-0.006151750024607872,-0.0020956098753730193,0.0013278218020309,-0.005605641167728732,-0.002539674457246607,-0.002367327545306347,-0.0016314025348437354,-0.0018273246488229994
2025-01-06,-0.019247596170275463,-0.032985038485542406,-0.01778135357285864,-0.021382635016437848,0.014240422079956773,0.0400021829839416,0.00817896723422066,0.014305788715826401,0.01675924204695377,0.008339019059224422,0.005860904869209727
2025-01-07,0.023432828621090168,0.038702467226489116,0.022528279068823195,0.022528279068823195,-0.0854267712555491,-0.0518790843982187,-0.02904777407066088,-0.09380445281291566,-0.10370680845021396,-0.04832047224345715,-0.04345618529743329
2025-01-08,0.013510286524936539,0.007151104310487037,0.013203561807747167,0.013594641597812374,-0.030296518811383732,-0.019462442560503,-0.011427776199779164,-0.03253117692623783,-0.03590527690648942,-0.01701321600305252,-0.01538888158495081
2025-01-09,0.012954561833551093,-0.05037602031233217,0.007221454693429566,0.004176381699138754,-0.03859728332637468,-0.0263577913452729,-0.019045774188488584,-0.03304938212718017,-0.03488075101774152,-0.020863795827070812,-0.019551962038029454
2025-01-10,-0.016805578551040527,-0.023288295006141595,-0.016805578551040527,-0.016837317389676434,0.024120776332149766,0.0232741515203416,0.027158656031775488,0.025243993331607706,0.026779504606915652,0.01378598208912414,0.014307154398940009
2025-01-12,0.007582139834487342,-0.021692854600360585,0.007837849329896372,0.007201674669689687,-0.016388700496710176,-0.0006614008632285,-0.013197989331029598,-0.021812863763234172,-0.023636303295554835,-0.009063179837069042,-0.010003208146995374
2025-01-13,-0.006273702451767938,0.020580307664579113,-0.0070785590846410805,-0.00784283748072559,-0.03008836723878666,0.0001957243485066,-0.03235325806984496,-0.024040300674862274,-0.029617659398325974,-0.016828439008769937,-0.0053939266074205456
2025-01-14,-0.013462760592131341,-0.0010814348792035078,-0.01106125691970316,-0.012117153763814566,0.043809185897384854,0.0212758343788004,0.020712721343796793,0.04627181168622049,0.04535252734613271,0.025065232898111856,0.031262513633822694
2025-01-15,-0.02670062599701254,-0.0007727095196007616,-0.02676469946116681,-0.025227537383385817,0.06926805012149632,0.0409643537720778,0.011188784669082071,0.06882653269950927,0.08508036165699404,0.03856642761958709,0.015570055845870005
2025-01-16,0.000157235147517365,0.02585023413397349,0.0002497143287888814,0.001140769278771634,-0.009016867743601371,-0.0051318349408429,0.007592453793336102,-0.004954127793022448,-0.007429458163804266,-0.005126591311603642,0.00043232348110542186
2025-01-17,-0.0032311563564178802,0.03446114432776898,0.011822608585747699,0.010784683183203012,0.0695347863139263,0.0412142991674391,0.06879390424627083,0.07749062657374214,0.08112393672200856,0.04070732832947755,0.035031799784856904
2025-01-18,-0.0211547313429976,0.03071665159490299,-0.021345547257568535,-0.018913880307842593,-0.04717202434311166,0.0031380693164504,-0.02785219628264994,-0.05286021885485162,-0.06558853548384996,-0.026195360400573863,-0.013948874329443594
2025-01-19,-0.025868863348646784,0.03441626166606121,-0.026451832698736855,-0.019089728396438285,-0.07946406927472612,-0.0301485496412973,-0.0574264286817799,-0.08561301770614345,-0.08926917797941238,-0.04367634002376251,-0.04152443593219975
2025-01-20,-0.029648624132967358,-0.0054355677563860515,-0.028431606674343936,-0.029153767084352813,0.004563453929176181,0.0092367268553941,-0.04909920963043575,0.003420470972830933,0.008979089056075574,0.003731854744963158,-0.0050463203617685
2025-01-21,0.0023365067245813484,-0.009790605483440455,-0.0026999174810438398,-0.002004260465315877,0.031274041447993596,0.0387356932017,0.07397952339338122,0.033586975779769025,0.0293575512441034,0.016463697303250167,0.02479232166391387
2025-01-22,0.017956596198485813,0.019027784762196735,0.018203095735023333,0.018019793102056186,-0.022124410557641253,-0.0235057854238062,-0.02463005120493152,-0.019218872199063267,-0.019202951446195694,-0.012119913845215907,-0.010931247267043394
2025-01-23,0.022282554074069132,0.032817118728905,0.02038932693809036,0.0314100501163642,0.0009433256166336608,0.002608647875441,-0.005417120077623842,0.014429844125314572,0.015235844550775757,0.001502381988800002,0.007013841228370716
2025-01-24,0.007993738982291722,-0.00554495828359557,0.00836957054977854,0.008435687248386644,-0.01708018795809505,0.0090809788073036,-0.0513957834872528,-0.023983156272816122,-0.025668976826975082,-0.008806479791443531,-0.011275517056605
2025-01-25,0.006973431884909805,0.033302087027562266,0.007378801114672163,0.005840997127809178,0.013557681074502033,-0.0010506915732162,0.03771002666643971,0.02300645346009152,0.025629788189829878,0.007660211588410451,0.008998599601636832
2025-01-26,0.0028318847268848646,0.001937049207244173,0.002322191316949985,0.0015631683652598642,-0.02276976033988562,-0.020894395654383,-0.027181504472602206,-0.0198640894895458,-0.020859410041383933,-0.012754181252497885,-0.010204775534439247
2025-01-27,-0.010537040830619241,0.01957505176660532,-0.010537040830619241,-0.012061551227635182,-0.0223181698663358,-0.0050311508745541,-0.029330218432780428,-0.02669119539518027,-0.02643292772613028,-0.013206517238507024,-0.016158216020490432
2025-01-28,-0.01555264073293721,0.010530143897738306,-0.015399656139877059,-0.016806751199632403,-0.05571444415181247,-0.0077401596645559,-0.06153716026915987,-0.07052905012155646,-0.07500492496519742,-0.031127528556760268,-0.03413036895476816
2025-01-29,0.012376643867098188,0.012557922281771262,0.014925290079939282,0.01423984823997983,0.030050680168940132,0.0241361598873708,0.024751683587355768,0.040063221713917865,0.04429091730970384,0.017120824693054995,0.01710042067009899
2025-01-30,0.02104936061078843,0.00679814205535649,0.022318327810326756,0.018454301971806378,0.05013905600310115,0.0100686016468078,0.04517876104573049,0.05504782955912899,0.059723665588034866,0.029699549694796788,0.02451976558567223
2025-01-31,-0.009340342829122368,-0.02487790035263351,-0.009147514814050545,-0.013394688028770052,-0.0012084132099584213,-0.0222383695689893,-0.0013045883595518872,-0.00345920133775666,-0.0014343854265106062,-0.0007399360488061875,-0.004687650127860398
2025-02-01,0.006141591862596232,-0.02472700452543969,0.006141591862596232,0.00042628946780166876,-0.08433826293829609,-0.0178462909622596,-0.07634857577137447,-0.10227405076844465,-0.11120042241224042,-0.04805578033113431,-0.04654654797635764
2025-02-02,0.00874412588109301,0.0643935762613222,0.006660465969333423,0.015552090412237304,-0.10359939149216567,-0.0293377391427699,-0.008562206767781855,-0.10102667846081778,-0.11644392477314122,-0.05920155255704286,-0.03424972063983907
2025-02-03,0.0426928365580885,0.0450757885960056,0.04020684110615871,0.04145291037898336,0.05146592801643661,0.0384693193778971,0.10701225872358684,0.06616165674175899,0.06108215105082689,0.02855977022978586,0.0388305037059534
2025-02-04,0.014432280130956564,0.007652016561874864,0.014432280130956564,0.010326969866785635,-0.06077579956446246,-0.0358073536202194,-0.05635952062288092,-0.07337862558853715,-0.07493109007810989,-0.033290276097771805,-0.038058289792012485
2025-02-05,-0.023457966547871526,-0.024377162246707437,-0.024627454283390814,-0.02454333857715728,-0.026627194500418647,-0.0120544591773541,-0.03898631698883984,-0.03551158198860215,-0.04483054327543677,-0.014538361092749768,-0.004972994754154655
2025-02-06,0.00716374953767767,0.014446826716623482,0.00716374953767767,0.010769350860774796,-0.03858637868348806,-0.0004701504906317,-0.038249267275177815,-0.05387909888270272,-0.06267739037812774,-0.020583928796517978,-0.017238105325084588
2025-02-07,0.006343056877377808,-0.01619166868038035,0.007208558755971213,0.005127183547114181,0.003152562928897144,-0.0004145246092808,0.013792811038426988,0.002572732621293727,0.002412044172960117,0.002183005828955087,0.0015662153724951893
2025-02-08,0.011756551274505936,0.0020789311693983625,0.013238530295058858,0.019178601657107396,0.029615017933865628,-0.0006264607692022,0.09001713855665001,0.04936023212337026,0.05069425538188731,0.016844174894671285,0.024426625343265368
2025-02-09,0.005711707666597784,-0.012997257808837509,0.005711707666597784,0.005640823924423652,-0.0051324737380552855,0.0002433789128675,0.023200641547648435,0.0022860227630808866,-0.012421212372227049,-0.002237428152781747,0.017489758174402268
2025-02-11,-0.010582052837817461,-0.02680717636105066,-0.010582052837817461,-0.014717195598872329,-0.0023160928150602568,-0.0170544796869803,-0.013712247119453238,-0.009505099888030822,-0.01003247718777276,-0.0033018366990246436,-0.004959202629168595
2025-02-12,0.008579559833807204,-0.014103225752724206,0.008579559833807204,0.008527941543984993,0.0457801056355842,0.0217853320584375,0.07052876336337605,0.05597942607560978,0.05647866990052042,0.026847795172379476,0.030806067033779805
2025-02-13,-0.03008053558994378,-0.00576854038788558,-0.031141709438414156,-0.034366418943919154,-0.025929650309803938,-0.0126280121347069,-0.028977575391907727,-0.031197403070798595,-0.03136369996739179,-0.013660710964036975,-0.017471076684974475
2025-02-14,-0.010836524614382545,-0.014817733010078878,-0.010836524614382545,-0.006155031196417866,0.03037130168488984,0.0090499731731836,0.01978824332793942,0.03590428114416059,0.038561448002964446,0.017059279936378915,0.01681253588984346
2025-02-15,0.002822393270948277,0.01879650980157327,0.002822393270948277,0.0028460180995020096,-0.023266043504408123,0.0009126942525898,-0.0037051414865036164,-0.026338936603041943,-0.037342429281358835,-0.012277286074023338,-0.00031007512050101795
2025-02-16,0.0030213649158024724,0.004035127701915754,0.0030213649158024724,0.004745959910551576,-0.00866522899212977,-0.0152104192054793,-0.0007325874081666305,-0.015315915657817813,-0.019070803631596835,-0.006054195827489354,-0.003857489160478727
2025-02-17,-0.0037625190736791277,-0.028927944266337116,-0.0037625190736791277,-0.004492065934730938,-0.002964474541426645,-0.0033306573614644,-0.010359972576176171,-0.0090150060055955,-0.011473015300503132,-0.002582248716661536,-0.001865714220963283
2025-02-18,0.035699134826647314,0.024180005731891458,0.035699134826647314,0.03249744694698797,-0.03380010868664496,-0.0017262574784422,0.0007500219205900834,-0.04508324963535763,-0.05987108262880351,-0.020661113442157195,-0.006032264378008465
2025-02-19,0.008174100213609658,0.020331093608464367,0.007990350262593975,0.005811426939309451,0.022428578302915392,0.0105901282533613,0.07204997691279165,0.019039063269392496,0.012510947994213897,0.011697790703307325,0.019826198282899485
2025-02-20,0.0035282829792060016,0.0005901131434234153,0.0035282829792060016,0.001392477074238653,0.04352373098545653,0.0172847781601785,0.0393108561519457,0.05678649515735646,0.06516510276866208,0.022029127025817708,0.0221539875657196
2025-02-21,0.001311753607055162,0.0084682110038613,0.001311753607055162,-0.0006532528697497306,-0.03511778006267806,-0.0223922765261614,-0.02026607489300773,-0.03518623348617257,-0.03655759709086382,-0.02104767782189345,-0.01918312659854371
2025-02-22,0.0015025422731747805,0.010450792655647287,0.0015025422731747805,0.001854068927348202,0.030013917424819864,0.0045105352978462,0.043741922995827354,0.04200734677796471,0.04505160864903299,0.019118373412092087,0.020714157334297132
2025-02-23,0.008458742026768624,0.012739308452709886,0.008458742026768624,0.008502529780846714,-0.00860018410612108,-0.0030510301094551,-0.007172488012963321,-0.011650265905403622,-0.014402750129011224,-0.004743912548736789,-0.002987273882123211
2025-02-24,0.0033822293251638963,0.03643489725084269,0.0033822293251638963,0.008989683388015868,-0.10669352153448973,-0.0486784397511714,-0.08974043024427282,-0.13023766967572875,-0.14198569005019235,-0.0699096129746811,-0.061533935714655576
2025-02-25,0.005926477058129931,0.028957974039799314,0.005926477058129931,0.007933281800996884,0.01841498500350538,-0.0318413133367687,0.014966347045140129,0.022626549051777797,0.02474467808331143,0.010515665172646094,0.009856339116758277
2025-02-26,0.015007730117346131,0.00876348039710386,0.015007730117346131,0.016596304410802176,-0.005891438316849821,-0.0506400183996127,0.024997951272099448,0.0019190012857496202,0.0020372095166868594,-0.005103471465147245,0.0009211402446202442
2025-02-27,0.05686276335152168,0.031162692683650087,0.05686276335152168,0.05627976095704981,0.011467912779622547,0.0061925581548305,0.19756379460360882,0.022305152562136478,-0.01861175015199381,0.007863566512992134,0.0660861150446293
2025-02-28,-0.006650431951461103,0.002138952724991565,-0.006340983096127333,-0.00709031350891819,-0.004416646890251972,-0.0038636957247007,-0.0227727153816303,-0.011269986267053937,0.0032350725577147584,-0.0029713093648224354,-0.0169733065702893
2025-03-01,-0.02682928054749499,-0.013020615725643683,-0.02682928054749499,-0.024980725835908858,-0.004981628969935554,0.0201315939871717,-0.02597767743791221,-0.013387181568855206,-0.012516820988531057,-0.002559772028628559,-0.009033207760059718
2025-03-02,-0.044062299028778645,-0.004514261770765041,-0.044062299028778645,-0.05444081117544254,0.11076555126446759,0.0963065657068016,0.107618482826986,0.13410811249627014,0.14785221811131513,0.06874732594827936,0.05888237469336743
2025-03-03,-0.009918170842807855,0.02414440195893139,-0.009918170842807855,-0.008419915393186511,-0.1379294524353557,-0.0863300503743097,-0.13515015528232469,-0.1706176693071393,-0.18411127620205492,-0.08103733009010806,-0.07531629280210864
2025-03-04,-0.026053231166380003,0.01813545650670006,-0.02498598744341871,-0.02786600259015875,-0.010700482403947786,0.0126306632032011,-0.009062992223987926,-0.024386927697843345,-0.02525872316247788,-0.006374620612604769,-0.0109845614457647
2025-03-05,0.024029884785743996,-0.003293127318150346,0.024029884785743996,0.021643414675580768,0.03797117804330202,0.0383478915781545,0.03992569471165798,0.04341292079424719,0.043014118547627725,0.021353370413908328,0.02308257901299832
2025-03-06,0.006093381276004114,-0.005235963938784158,0.006093381276004114,0.002418351665156535,-0.019835772012271716,-0.0074978007619547,-0.02203739434779143,-0.0293428083395801,-0.03231713891535797,-0.010900370731014694,-0.01152394836815355
2025-03-07,0.0059708920219242005,-0.018515119306204253,0.004206650594692416,0.00889111164920367,-0.023196313223645636,-0.0352072489233968,-0.0011149065991701572,-0.03030348103346487,-0.03446704229988322,-0.012792104156242434,-0.010387197630309762
2025-03-08,0.0033491771080507056,0.009701072393495665,0.0033491771080507056,0.006728977752621594,-0.006663564510606889,-0.0060966157056602,0.03278042098530922,-0.013224127571769198,-0.018785073332127457,-0.0038578465347892566,-0.00012819350993381953
2025-03-09,-0.024376664561116076,0.015314413134882382,-0.024376664561116076,-0.024965811999160467,-0.09325879675826068,-0.0637172928973129,-0.057522233935644256,-0.11258106694824083,-0.12051213410228243,-0.05234071554003105,-0.04974546059935528
2025-03-10,-0.0020891823792414457,0.005026951224325518,-0.0020891823792414457,-0.00577069268693807,-0.05272404426125499,-0.0268459968733659,-0.08752976729620254,-0.07101143394437524,-0.07778370817615468,-0.029133174145087905,-0.02802339349118594
2025-03-11,0.008000249123198563,-0.005820104832165496,0.009425032367337147,0.008877188591891266,0.050353635618021975,0.0551908948715358,0.06161901039366886,0.06203689991450792,0.06677195997969816,0.0278340460960688,0.02535355062160692
2025-03-13,-0.0008850135689357601,-0.00880345343001208,-0.0008850135689357601,-0.001556354594090403,-0.019841556422764074,-0.0308344003409801,-0.002790890169189028,-0.027865086054714043,-0.032817498235700175,-0.010491375947555759,-0.008629919023039487
2025-03-14,0.0056458452075043575,0.012199426447794218,0.006501999180168,0.007951542390207324,0.040002423886779895,0.035729881784275,0.03460661458794135,0.05210615155252258,0.0565403692526982,0.02196442459106459,0.02218804348229759
2025-03-15,0.0013557831831616275,-0.001617517065836814,0.004209263471687791,0.005033128959473238,0.027001526273580254,0.0042778891702457,0.027376357639117235,0.03530699460447971,0.03944621096061029,0.014825879310174178,0.013363967751455263
2025-03-16,-0.002013604977457825,-0.0035281942422250093,-0.0018743214875961284,0.0003598660735939646,-0.0415878036412435,-0.0210933054413609,-0.03779642844990015,-0.05137470368727004,-0.055934692263714225,-0.022651790226149698,-0.020947009913204466
2025-03-17,0.003701525177052599,0.008886780272834842,0.0037308205900773717,0.003701525177052599,0.04314642873423467,0.0174334542096508,0.02972315853355504,0.04504428967532355,0.04938957174901787,0.023409217766281236,0.017791212852512617
2025-03-18,-0.009015438323305869,-0.0030494976113333676,-0.006681414157062951,-0.008205541871434664,-0.0108336748353054,-0.0153988785858528,-0.007363971365853277,-0.015557808167699392,-0.020191081115177763,-0.005467135508763803,-0.0026016202687818434
2025-03-19,0.024253762353654233,0.01178425882019761,0.022217261452994637,0.025498627724666472,0.04397331542778395,0.0498942486567337,0.07159976267559495,0.061164852471763224,0.06452275109316755,0.024431856463533665,0.028787000886811916
2025-03-20,0.0009050536673091795,0.011798821196984048,0.0016094490935455764,0.0007151569184893104,-0.02944289772507747,-0.0307082014751628,-0.013950234725474934,-0.04022261621194799,-0.04657667786691888,-0.016277359447101816,-0.01331194787857683
2025-03-21,-0.001413326171892638,0.02602544750484452,-0.005493058222604541,-0.001375704383524946,-0.008774339412839087,-0.0014487452227187,0.032389470415639554,-0.003893833880106723,-0.003895894365706692,-0.005407004317333449,-0.0020509003227626756
2025-03-22,0.013212003507666993,5.46529186690424e-05,0.014897488379472922,0.013497406611784297,0.01568070235515939,-0.0026642542986909,0.011912843851333642,0.01979413542275548,0.01974991093975103,0.008817316618040243,0.01067714712301096
2025-03-23,0.01399820301433214,0.009924420878071192,0.015237799749568876,0.014323985378809585,0.012520405936326744,0.0268146620867448,0.060970887769929,0.02866264438801508,0.030737592446652535,0.007447655007556602,0.012946446710431497
2025-03-24,0.004043861965957726,-0.005276781938230508,0.004043861965957726,0.004043861965957726,0.037836684068884775,0.0164203218560057,0.05032281987363056,0.05055199939779142,0.05448324748433464,0.021133745851195804,0.022188034272694314
2025-03-25,0.016458296635957027,0.0014216146968046364,0.01897839689558236,0.019219519178507956,0.014537324547248856,-0.0010098564570342,0.0145138187159283,0.021771847961686845,0.022330846798429956,0.00829943768329666,0.010610109891293228
2025-03-26,0.011715857077446247,-0.01232884008024778,0.010784393120455926,0.008775379789859242,-0.012729513375954871,-0.0056503129553745,-0.006717485762380386,-0.011630981613798455,-0.012795248997730276,-0.0070128792019946064,-0.004469506933057093
2025-03-27,-0.001601892586907479,-0.007003647933542407,-0.001601892586907479,-0.0037637778578686904,0.0060854412634921565,0.003288616896641,-0.004547561971831881,0.0024088555227389364,0.001978689964435092,0.003249576027907408,0.001743541927533206
2025-03-28,-0.0059178953702342454,-0.01562657352982221,-0.0059178953702342454,-0.009658424416321351,-0.060195665206690535,-0.0321034330536803,-0.03843461505694323,-0.07914582481535315,-0.08822659116804377,-0.034824661583180205,-0.03001143241257508
2025-03-29,-0.011612385712604922,-0.022320748594150314,-0.010874944339426984,-0.016270404062455113,-0.04619117366851951,-0.0206235865464402,-0.03960353574068746,-0.05972953857386456,-0.06547307756051295,-0.02587872348889278,-0.024069415560934653
2025-03-30,0.004463637939581511,0.0038613260296635156,0.005157987046948494,0.004530982889714783,-0.00360959445443716,-0.0032106978448488,0.016352601961987456,-0.0035801617561436257,-0.004130177119141378,-0.00200154095945054,-0.0011803675048851383
2025-03-31,0.006799455144514906,0.004043164526229197,0.006799455144514906,0.005253252797083278,-0.007644827714403382,0.0017179432121321,0.015965119351513294,-0.009783679766301727,-0.012382855421156904,-0.004042285915185556,-0.001989550143795436
2025-04-01,0.011272365919105135,0.011381579730307633,0.011272365919105135,0.009156736153935464,0.028866541018293803,0.0317394769395558,0.041038194476844904,0.045356458098128175,0.048632246691691756,0.01671171477740184,0.019513836450430956
2025-04-02,-0.005928304859588722,0.0020118878926465925,-0.005928304859588722,-0.006337861155682245,-0.06133617469126552,-0.0312319550832024,-0.0314665384811186,-0.08066496456846489,-0.08914814347603311,-0.034998838844228095,-0.030013557635851017
2025-04-03,0.008233125923105591,-2.3941048692674438e-05,0.006324202517557425,0.0033993236925036942,0.009308070809333345,0.0079683822379665,0.02038416013427639,0.01191633144772932,0.01308194008829509,0.005316683379302097,0.004628261458235168
2025-04-04,0.02160777960375782,-0.0007560611814845524,0.02160777960375782,0.020766484695108667,0.004061137589316602,0.0082408007788212,0.013340332403141707,0.011133657311787327,0.01490915043364037,0.0023171777296811776,0.001157327703564507
2025-04-05,-0.016445195507352926,0.007470509775260308,-0.016445195507352926,-0.010955470552373938,-0.007135372154510617,-0.0040317981392274,-0.015779864981677542,-0.014097716793967104,-0.016462733688138526,-0.004176425938579865,-0.004471124812245183
2025-04-06,-0.03079715860724412,-0.012811176299959398,-0.03285231771797646,-0.027565495517452618,-0.10355207028231539,-0.0615718311776244,-0.10596026779403787,-0.12406118885016605,-0.1301436022735022,-0.06339941664438589,-0.06001324221247743
2025-04-07,0.017305727555108934,0.028303666145478443,0.017305727555108934,0.020560981130322706,0.02583477957334471,0.0098311017005179,0.04579978087145993,0.04272670841053411,0.04464193743817098,0.015340944737730846,0.019035617362047695
2025-04-08,-0.016304805197879545,-0.013279883068562932,-0.016304805197879545,-0.015902837655353504,-0.04008802320559866,-0.0364239548046706,-0.06041509202806169,-0.05250795802597126,-0.05685755107760196,-0.024012124090766307,-0.021372919022950687
2025-04-09,0.04183856053459793,0.04246039853263525,0.04183856053459793,0.0377505785133429,0.12003658646601008,0.0830362744243484,0.11386311850737729,0.15216413540481227,0.16715389619266846,0.07164275320530528,0.0580286960120402
2025-04-10,-0.004584530828713303,-0.0045811630685428685,-0.005240260255687341,-0.005839059717164209,-0.02409475255204149,-0.0366419919019683,-0.012949103436648615,-0.026344269940895473,-0.030168597179621705,-0.013484832145702352,-0.008485057065300823
2025-04-12,0.017902439540483234,0.013714500931852225,0.017902439540483234,0.020264663124783755,0.052566339641640966,0.0226876871364292,0.09403404039223467,0.08189027725625223,0.08727595614639189,0.02937320234876464,0.03477769648129997
2025-04-13,-0.019805076990780296,-0.007123126290976743,-0.01501311375852879,-0.01680264093787797,-0.04789896742316101,-0.0183120010004742,-0.04077432924953928,-0.05329058605050577,-0.05486669907131064,-0.02653785344659062,-0.024371619860021045
2025-04-14,0.007096558241887697,0.015222932027350452,0.006114259809167081,0.014569311604489113,0.0023182908610760765,0.0103391192208408,-0.020988651698371028,0.007768385163946813,0.017506032398912557,0.0012743167309848624,-0.007510646287175649
2025-04-15,-0.010249642566066829,-0.02012813887135477,-0.008944807235253621,-0.010671764575452203,-0.025407015088521872,-0.0110549574443697,0.01035822818457241,-0.0387450889040179,-0.04735995530073108,-0.013963563325453732,-0.01035038356734927
2025-04-16,0.02919550077688498,-0.0035869843505865946,0.02649446948448215,0.021738311117709574,-0.0032284087241955567,0.0047049542775903,0.012679975043682994,0.0009537663642744292,-0.003067468781656807,-0.0017896459189561556,0.005563875520025822
2025-04-17,0.01739971692455604,-0.015416162386646406,0.014422981388105788,0.018417822375267467,0.011603411007166168,0.0105277458192314,0.006990115309807021,0.017725080323236293,0.019445988830142386,0.0064436835906976405,0.007442035883772906
2025-04-18,-0.01389879529546476,-0.004020811826544171,-0.01389879529546476,-0.017156551256577057,0.008959615636422323,-0.0058727734883852,-0.012031672652869198,0.0032608697932925007,0.0035713478017131597,0.004995645786025253,0.001362829901405219
2025-04-19,0.01074769855604115,0.007334484643515268,0.01074769855604115,0.010524546276401411,0.02783230583435922,0.0073646777506188,0.028236153332499826,0.033813402165637926,0.035776237378066025,0.015527791794479918,0.015085795921203054
2025-04-20,0.002377797249297545,-0.0029760591469480285,0.0035844847695172873,0.0037741645947670134,-0.0009623495477657834,0.0011717242774271,0.01179104819662351,0.0002677462322096984,0.000525448491841123,-0.0005346442190090372,-0.00017157502646005115
2025-04-21,0.007765134035882669,-0.0032335243102899714,0.00826543111401754,0.009289143720093868,0.009399281017685475,0.0276824385584197,0.02179387090254673,0.01856247981730337,0.01994883954908748,0.005221698639802343,0.007587955553961509
2025-04-22,0.07220975887587884,0.02671216838003121,0.07051489512207959,0.06924776962593315,0.08638664789354243,0.0679389558058947,0.08221033651364276,0.1376760760572367,0.1520655193626025,0.04813797009014929,0.05319738498253123
2025-04-23,0.002250932676947509,-0.02429419651736139,0.003454297715373679,0.009995509712059376,0.022958383716813583,0.0027573528377415,0.016152311280676627,0.03311536434870423,0.03738108037087194,0.012422290622560183,0.011331225346117779
2025-04-24,0.008643777104599472,0.008552096306790947,0.009385698994418793,0.010891694738597331,0.01505775151313429,0.0030767409414811,0.009071013080831566,0.02133706559548609,0.02310724130653018,0.008194512743510785,0.00836036671342533
2025-04-25,0.016219295139163127,0.014194207179763697,0.01626232235742847,0.012653623082369801,0.02667222066480798,0.0074630854504311,0.01445134577488656,0.039642262445241105,0.0468104475078837,0.01456070308016636,0.011286482417082471
2025-04-26,0.018484450046333846,0.024525103796122043,0.019103007844418995,0.01875018723256592,0.017212482601340107,-0.0005899596806757,0.022477866020413264,0.029203922463205134,0.03237032045351095,0.009404043646129408,0.010617925582067842
2025-04-27,-0.0044366325497637235,0.023139025332640027,-0.0044366325497637235,-0.006994664581740313,-0.026713583805933416,-0.0093225353769395,-0.025757541775145196,-0.02417759832509426,-0.02494019562667246,-0.014577328308680148,-0.010819288958759778
2025-04-28,0.015082260238429696,-0.005059359777131813,0.015082260238429696,0.011221201359252926,0.024598440225289703,0.0134454777689585,0.03998887635193931,0.025255323426926546,0.02490249916145588,0.014194247277555767,0.014515856822263608
2025-04-29,-0.006475622083786294,-0.015924949093535895,-0.00497415137875639,-0.004156903669833633,-0.018171798319771962,-0.0077967759522034,-0.028995360080997346,-0.02682031443585512,-0.02903243065238087,-0.010565753874489825,-0.010360847473608839
2025-04-30,0.002310778034181958,0.010207585990852995,0.00553075773446508,0.0020174534165731416,0.002432569973937498,-0.0009308591611384,-0.014413082260169768,0.007275425475310229,0.008526211241578343,0.0012534484201739602,0.0020748080777312178
2025-05-01,0.006626105161124576,-0.014051605789321716,0.007178260010159478,0.006226495801708969,0.01732304181582893,0.024575731778079,0.01109491567450114,0.022737266235843788,0.02479866998557767,0.009959090230180441,0.008679154542731372
2025-05-02,-0.0069960352009906905,0.01843518997249568,-0.00814676064290854,-0.0025463937347459543,0.0051643900157745835,0.0044090432839136,0.01130703408287578,0.009490363241159868,0.01120491695177966,0.0031611017172526014,0.002731640775474014
2025-05-03,-0.037810367999197556,0.007986998714806008,-0.03672970140530814,-0.037810367999197556,-0.04233258641504272,-0.0105680832437996,-0.05558515782651628,-0.05706126168466362,-0.058496963229475625,-0.0234105913842972,-0.02698755811167338
2025-05-04,-0.0064914949597762745,0.0027645152382929656,-0.006089013365576999,-0.00574637192814462,-0.013071025486454608,-0.0151010221463763,-0.005164423171385555,-0.014676809395179322,-0.017561246005297685,-0.008277733112809979,-0.0035507895549875676
2025-05-05,0.023853128557234458,-0.0022949872039702323,0.020630483188336803,0.019730952613960212,0.0009614192053676169,0.0040572200926161,0.023172700390282838,0.009615313061800197,0.009771722388289251,0.0008943940302299306,0.005058175960426838
2025-05-06,-0.010121068789627074,-0.004977895989014697,-0.011057578400368372,-0.01263048230615689,-0.006033142388734149,0.0211276531972246,0.010885013429280561,-0.005747482408378444,-0.005251646421249,-0.003753625344457609,-0.0037731327229764836
2025-05-07,0.000478688802714,-0.012379545766714899,0.0007873387453558971,0.0022685362336341245,0.004771139331709128,0.0021385703557512,0.014709709958219882,0.008849923264173354,0.01010420657451316,0.003235302168979178,0.003158321066089449
2025-05-08,0.06600805539579256,0.008292183479352983,0.06416531758783073,0.06018978122497168,0.11706167474210788,0.0637806512996381,0.19218505924050122,0.16344796847521126,0.173723126636072,0.07852300851707958,0.07421284033175066
2025-05-09,0.018825148895987708,0.003857452674149685,0.016827175571470336,0.01753022289462845,0.04408532117395106,-0.0027403561081055,0.05540707013450229,0.046770698579292384,0.04618500604405749,0.02733851832575486,0.024115473256384058
2025-05-10,0.06898918835727735,0.0028007858771726957,0.0730073397016823,0.06983601691852062,0.07500811217588807,0.0174965442904995,0.06939405273307278,0.1038109080978235,0.10974145803986629,0.04622300222007153,0.04716658485211985
2025-05-12,-0.0010019098915884418,-0.0049849712534361735,-0.0020792957431458015,-0.0031940054364440282,0.0039677025061273935,-0.0128455433175725,0.007656420167065057,0.005669962792312947,0.007233062516097521,0.0024425510065841276,0.0011725980368907556
2025-05-13,0.00761196723532739,0.016310438430160577,0.00761196723532739,0.007433862907968183,0.02788998065132504,0.0128175989679375,0.03774518568511941,0.04155177533385969,0.04423266232604117,0.017818590590701462,0.019548894211597417
2025-05-14,-0.011777586970469465,-0.013641671772644578,-0.011006778843249049,-0.010153283111314897,-0.031056269723328877,-0.0056998079549203,-0.030251679838235894,-0.04044056076033711,-0.04429370657130309,-0.020113340530777773,-0.017885937415662828
2025-05-15,-0.027422459594020863,-0.003328201527541687,-0.03503330831107276,-0.025910229429451995,-0.041973943169897346,0.0025491293170436,-0.049665742428061224,-0.05487369866574937,-0.05753205347021088,-0.027017671341250507,-0.027225709984942278
2025-05-16,-0.007736777044212634,0.00352802270374911,-0.0075065118486283226,-0.00334133583179126,-0.013073691267446102,-0.0026768842019869,-0.0283097824541981,-0.024430103881981555,-0.02727547220935373,-0.008432761828062662,-0.009753542311513763
2025-05-17,-0.014714655075155594,0.0036682592559298365,-0.016740559937630666,-0.014714655075155594,-0.025698795773829303,-0.003453328604662,-0.03792903352313689,-0.03662833510035049,-0.03871366132531964,-0.016651105612451853,-0.01804125858502622
2025-05-18,0.02915885525151054,0.02078307259461535,0.02915885525151054,0.031078469775231522,0.04785367297934911,0.0324821036519555,0.05041738056218867,0.07706373575870362,0.08409907423460364,0.031045449660574997,0.03374781093224523
2025-05-19,-0.004782668604630173,0.007421653644283505,-0.004782668604630173,-0.0034522189154775063,-0.02469360511729601,-0.0084538040382762,-0.016929028392762953,-0.03404597583947315,-0.03811829841984544,-0.015935039289863947,-0.01363721686970276
2025-05-20,0.0022927525460125575,-0.004590595292914731,0.00015547011224569841,0.0020874574334170163,0.008023176696032542,0.011977813835037,0.003115650460426135,0.011342598602617347,0.011711729096466523,0.005276478345492873,0.005673788345500863
2025-05-21,0.0014871111206777796,0.020725806599700046,0.0014871111206777796,0.001826313500395648,0.025455504929779056,0.0263588607783724,0.02520225590452711,0.03597573789859797,0.0392343568264466,0.016675605992635206,0.016181073232100725
2025-05-22,0.021317553617501234,0.009576772522545116,0.02077621982711434,0.02077621982711434,0.04907006225269763,0.0183147407908836,0.06379418402403038,0.06951407714865346,0.07498099914088119,0.03207983509498194,0.03254165052154476
2025-05-23,-0.011031523970092709,-0.0060213458678471665,-0.010949062396700772,-0.012428075164946144,-0.0684394192930599,-0.0388574214729077,-0.04873639620319632,-0.08640331816367042,-0.09386728560908596,-0.04366858896770484,-0.03990449798418834
2025-05-24,0.005866081449155127,0.015879900839189075,0.005732842539831264,0.016438616803911614,0.003769466034249608,0.0030210638248127,-0.003803347892888889,0.005057880097315534,0.004227504017770569,0.0030260691614461864,0.003981288959301336
2025-05-25,-0.021869328919978764,0.04471146270136007,-0.023123895275181692,-0.02134969109297731,0.011491107564566422,0.0123132833139141,0.012329224339321298,0.007112798706841122,0.007068167249185714,0.004413159981041444,0.004447842837021361
2025-05-26,0.011670294609060307,0.005088238343673035,0.011712293367425393,0.009033320068524512,-0.0010572840859217596,0.004385832986866,0.01874824029526538,-0.0024617482266907605,-0.005501126561456175,-0.0003845279273461893,0.0027073386330482814
2025-05-27,0.0057718003004289566,-0.013821047898101829,-0.0015386218032436179,9.206061317555171e-05,0.012528567892471698,-0.0047038356823304,0.00800222337816661,0.018713889840005146,0.02231048865517902,0.007554788898322731,0.006127335777046576
2025-05-28,0.009053649170010482,-0.00021168839116150577,0.009053649170010482,0.005157667180112655,-0.005453351590278506,-0.0105506651443942,0.015888648180155687,-0.006629750219320892,-0.010012209916924588,-0.0038810350718632702,0.0007588341475502352
2025-05-29,0.006743600495473748,0.008969873272029097,0.008194819214618655,0.00885748659919022,-0.02786453058077878,-0.0204872503346986,0.003770263744106373,-0.03652736557563108,-0.04150588461732778,-0.01672094989582646,-0.014157418733955847
2025-05-30,-0.042011179982283854,-0.025980777481315637,-0.042011179982283854,-0.044298039181523384,-0.078062919390302,-0.0148504726433421,-0.11136443695555974,-0.10511793620504367,-0.11037908672938589,-0.05091404101915122,-0.05474567002335737
2025-05-31,0.004354442261680714,-0.01903495505877147,0.003846821263347398,0.004625742702137427,0.010927260033294152,0.0056356676893103,0.011827168801618231,0.018952060934603034,0.022483912594295486,0.007031092368374493,0.006384610911209727
2025-06-01,0.000731829451691578,-0.00061123443810749,6.49910883686565e-05,-0.00027306271607730435,0.01492878568452512,0.0100015825620811,0.0020631534951260294,0.02018992293876716,0.022918973191229954,0.009237383171788707,0.00810805154008078
2025-06-02,0.02652538559566317,0.009922495924780252,0.02652538559566317,0.028858701359383905,0.014880546537351866,0.0022330188536443,0.02514273245131418,0.018290552887327664,0.01652545236983603,0.009351094051730542,0.013213857342088478
2025-06-03,-0.011267110492011427,-0.0048098992715118,-0.010983059217875948,-0.014472680843657442,-0.0017259629962056784,-0.0044087136916449,-0.024115564086738466,-0.0061113358235617855,-0.005693947356652802,-0.0011604974604019803,-0.0043807077258933656
2025-06-04,-0.005988689299535263,0.004387090790283524,0.002367860423654203,0.0032734001130609886,-0.020266005895354478,-0.0067669357833076,0.004443112813048124,-0.03383683807541461,-0.04253933224087533,-0.013046218897148684,-0.008648892727545227
2025-06-05,0.017938607993880442,-0.024517793325122474,0.0165973775346286,-0.020751380835657203,-0.04681943359298605,-0.0296345732032271,-0.035627687453954414,-0.06229942629595403,-0.07103185411543952,-0.029963903326260193,-0.026975858039421
2025-06-06,0.0015362457954196142,0.018624414311291426,-0.015008640452304683,0.0015362457954196142,0.02088874170489536,0.0272637059425937,-0.04776944174441124,-0.03313853035561525,0.0315400539916148,0.013232444072086803,-0.07874222451870148
2025-06-07,0.0012408115665964482,0.005192851836590042,0.0026837164279189217,0.0024238863727394575,0.02721716125379803,0.0114842147875604,0.010585941643487607,0.03482191444706602,0.043082645657830994,0.016513839087891315,0.005839361895424958
2025-06-08,0.00027610205270494313,-0.0008417438517929372,-0.000731684457451311,0.0017594881321163435,-0.0031673582356598626,0.0018581879219394,-0.004700374427808247,-0.004317673983494724,-0.003698998241946379,-0.0023396765463337505,-0.003385863089867279
2025-06-09,-0.016795668595080908,0.0219343771477006,-0.01654125717952954,-0.012675654582559301,0.0562932090203201,0.0425346459825024,0.05681578158792956,0.0813664347276537,0.09484312600631944,0.03816505174552463,0.03225299599204385
2025-06-11,0.016683279807120744,0.0004557749403941852,0.014773413787049983,0.013510241823388516,-0.03238639263909525,-0.0144477243123926,-0.01148517109652471,-0.04436514058715994,-0.0521005382929381,-0.022198898546330136,-0.019395773708826558
2025-06-12,0.01782250901967937,0.007759003377650502,0.01782250901967937,0.018276949076490905,-0.04693095008215904,-0.0266166544191737,0.01264036000810478,-0.057668191355141035,-0.0711473958530044,-0.03377515571805278,-0.020766438956939925
2025-06-13,0.018081415228556722,0.019006146790529765,0.017809342593358243,0.0196172194765151,-0.016791843006291784,0.0033675712674698,0.005576920634837202,-0.021024098854637893,-0.026093392017899206,-0.012328026702168645,-0.007060411750597287
2025-06-14,-0.012112750295044102,-0.008208433959895373,-0.012112750295044102,-0.012112750295044102,-0.01987453070295112,-0.0062613734919337,-0.030345340866881773,-0.030865659103371832,-0.033821486183698346,-0.015169756046703876,-0.015686706873127836
2025-06-15,0.0005201666733465997,0.011793429848404842,0.0001336629238034761,0.0005210149747483309,0.008639944168504407,0.0014477453825703,-0.0034080018008875515,0.011674869725330451,0.011724502776973436,0.006388065048884587,0.007426158885243434
2025-06-16,-0.0005848608209494229,0.01530345476774446,-0.001382916111618912,-0.0033419612898159664,0.0026444930923393063,0.0111546125774035,0.0021969505261408054,-0.000388286641645456,-0.0009418224132522821,0.0018031392551780359,0.0007315055848803747
2025-06-17,0.01462043327963138,-0.005810251377301394,0.014778487395389023,0.014778487395389023,-0.03694112787042995,-0.0205207405611131,-0.02631376411941436,-0.047074976338374264,-0.05358657812456561,-0.027285428329175188,-0.02532857469643428
2025-06-18,-0.004306942325442913,0.008293678753197361,-0.0020382132073654075,-0.0020382132073654075,0.008408946568635327,0.003320919929048,-0.00411236663130702,0.014134316789815887,0.017445759626153544,0.006133426565999765,0.005172021701455618
2025-06-19,0.0002903011960232035,-0.004902921144537073,2.0781174060415485e-05,-0.001063203928829591,-0.007271965399519282,-0.0023429439414601,-0.00711824779138273,-0.013486277699062457,-0.01540654690193293,-0.005342251115007258,-0.007407588536854851
2025-06-20,2.9357803675453265e-05,-0.005311946361106545,2.9357803675453265e-05,0.0004865754360817466,-0.032326288649371204,-0.0131663569428673,-0.006902774196091373,-0.042066604981251546,-0.04920962750000141,-0.023842512545465475,-0.02110286605843497
2025-06-21,0.004131372618073469,0.0005037170153512627,0.004131372618073469,0.004104337179456095,-0.037363553748249005,-0.0112513170248458,-0.028126694964019212,-0.04964395079752682,-0.05616230532842567,-0.027320774468825904,-0.02816551276066289
2025-06-22,0.011680470043737994,0.011047207609180355,0.011680470043737994,0.011789635582559747,-0.02798614057895206,-0.0105245927283614,-0.0038864730927488486,-0.029035103742538978,-0.032776710331639924,-0.0204320709379446,-0.01695666673208178
2025-06-23,-0.009706128890337826,0.013552249547236536,-0.009706128890337826,-0.011158210145351857,0.09924896885917114,0.0430858063026862,0.04051023970057286,0.12849495317043477,0.14656018456066194,0.07083213616274982,0.07243504263098234
2025-06-24,-0.0164579678293553,-0.005198377129376487,-0.015211653609239251,-0.010364632368064832,0.010273489543727355,0.0066481022271538,-0.025372467580042357,0.012368705586066673,0.02048746625252524,0.007457736642888364,-0.0055685235351641445
2025-06-25,-0.005849365311711766,-0.009052355588938289,-0.005849365311711766,-0.004943084225164228,-0.02370226468298816,0.011937740381247,-0.020591759217132157,-0.03522685338792612,-0.0407591330326695,-0.01687839345021492,-0.017635579852276092
2025-06-26,-0.0029093575255077315,0.0005820024721786485,-0.0029093575255077315,-0.002928443528725958,-0.019080769160575172,-0.0036285928826679,-0.02307097900339098,-0.02140148016738138,-0.02139898100483167,-0.013977122139018269,-0.01663308189637172
2025-06-27,0.007258407177452299,-0.008623296629598855,0.006964299075673355,0.002249296894878348,0.011795902487331285,0.0007121870303665,0.0004406822086924409,0.01383189975887235,0.014720584656111766,0.008443554505361715,0.008950531464912658
2025-06-28,0.012772199794296779,0.008773134441155496,0.012772199794296779,0.01410858470750783,0.022889295721347114,0.0021591214495191,0.04281904146411723,0.04018730395678781,0.045798751920106365,0.015791870975619078,0.01978561561845574
2025-06-29,0.010654312179996794,-0.007811021870599118,0.011505332944924729,0.008338392130533109,0.032737390269532374,0.0097778279159959,0.017595656374184497,0.049058398829506744,0.056158109630926406,0.022882084820575063,0.02282641422014469
2025-06-30,0.01164235303359441,0.0040594356267931765,0.011170846358608669,0.011109708639883593,-0.02770243420143343,-0.0108518124259077,-0.020181237528654042,-0.03925932320513833,-0.04418229049420272,-0.020167487328034448,-0.01866406267630123
2025-07-01,-0.003658882415446648,0.0010223280114719305,-0.003658882415446648,-0.005357836107159855,-0.03644508159744441,-0.0136724759652987,-0.023243873782256962,-0.04858625929276654,-0.05430188104537401,-0.02633688540060869,-0.024140350462784788
2025-07-02,-0.0007714242169991406,-0.0007349135208828197,-0.0007714242169991406,0.0026277404946427885,0.05756226275827194,0.0296653933834938,0.03589443758403034,0.07770181271938761,0.0883793279549875,0.040032302258873685,0.03759099219534767
2025-07-03,-7.90509418465389e-06,-0.006025668425650381,-7.90509418465389e-06,-7.90509418465389e-06,0.005060625505416257,0.0068645917651646,0.007710141143023267,0.012676577724197398,0.0161220378036883,0.0036559106412781097,0.0031232213803400704
2025-07-04,0.0008568604856469923,0.007228415035139511,0.0008568604856469923,-0.0003721711243948461,-0.03528445106058339,-0.0144728342978185,-0.013346578815256973,-0.0448934775440222,-0.0495293482919823,-0.02456636210326043,-0.021586983520007326
2025-07-05,0.002256059662916183,-0.00029394718787276804,0.004023933932678053,0.0020564564834913493,0.0015341838884117376,0.0017678688992461,0.006211640677216123,0.0007282450908962534,0.0005737882788942436,0.0007390579548709687,0.0007074062068170965
2025-07-06,0.004232000758635519,3.988883668277349e-05,0.00443629769331709,0.0047936962554501646,0.018597015048873275,0.009200530329966,0.03390858847904773,0.028775136808900897,0.031786539882820236,0.012864560918011341,0.01467429871311876
2025-07-07,-0.0012725169462456335,-0.006830141473222509,-0.0012725169462456335,-0.001811753215726174,-0.013500696444981234,-0.0087272072011157,-0.01893831523326388,-0.02175404365987755,-0.023844947063302396,-0.009119483693700603,-0.010588491197233665
2025-07-08,-0.00612936711309924,-0.0014466057147198355,-0.005444717396018716,-0.0063726518410971884,0.015117639557624752,0.0061667105508,0.008577215382231922,0.01686393907702756,0.019093596591967486,0.010966761103907211,0.007842820285278922
2025-07-09,0.00049640461513379,0.0005617466608003677,0.00049640461513379,3.597758367401144e-05,0.04523192848014927,0.0212704277567747,0.0073043238453733535,0.057405051490910505,0.06762400751318727,0.029958695697485563,0.023050030830814135
2025-07-11,0.0028641739738008015,0.023513425496119615,0.0028641739738008015,0.0028641739738008015,0.011680655609780032,0.0130699036629613,0.005562187512082484,0.006911925350527802,0.004349199377308147,0.00943482163463701,0.008508317073638402
2025-07-12,0.004434838435257407,0.01080240019869572,0.004646065401911456,0.0110179787170189,-0.003215664933035936,-0.0005287182909905,0.035011291659536155,-0.006172331866019594,-0.009224866240181484,-0.0029606660538518304,0.000667674379292438
2025-07-13,0.017654790696209875,0.030726458204286725,0.017654790696209875,0.0161882410825936,0.03297441355483318,0.0140085500231812,0.054307970950101495,0.04431927043535576,0.045070429792025114,0.02606331904662232,0.03160321666236483
2025-07-14,0.00038538935909721624,-0.006774027395081254,0.00038538935909721624,0.0016503163994337523,0.007723443559434159,0.0065009611136459,-0.016846794859775593,0.003749484953151599,0.004751396486997893,0.005260761419642495,0.0009858957975620508
2025-07-15,0.01424926722257346,0.020273014042135617,0.01424926722257346,0.014822257666436755,0.02482038674995134,-0.0173900336805783,0.03820243239693731,0.04108108436558108,0.04500433786841615,0.019735380114731152,0.02379684857063339
2025-07-16,0.003170517520482294,0.006148196906866604,0.0032491787890439536,0.0033716992844605685,0.026442549494708593,0.0078607034509556,0.029778328613620394,0.037999278826201625,0.041304358848229854,0.02087113709054572,0.021109045361097957
2025-07-17,-0.021816903201742503,0.007942592342055738,-0.022397518629515115,-0.01754472661106797,0.015657714197411684,0.0045466660771651,0.007522870967471184,0.007928252221080598,0.005915874556847965,0.013268601712882747,0.008535788264509727
2025-07-18,-0.010832444797226743,-0.017136309734514136,-0.010273774893209815,-0.010832444797226743,0.0003152777009184301,-0.0104762459416042,-0.008953971758700288,-0.012932403117275745,-0.01647949519400136,0.0003491231403525874,-0.0031544984014122684
2025-07-19,0.01092315371631502,0.0009102561593077457,0.011005426750088622,0.01092315371631502,0.021675399575684012,-0.0005619593521527,0.030539068427937202,0.02956854482815056,0.03155398325983991,0.017585898498879943,0.017103915867457166
2025-07-20,0.008121473976377806,0.021795928767746477,0.010490894093877344,0.010831195981395696,0.0388935358813022,-0.0050980918518678,0.02677065162249789,0.04845859495196266,0.0484782935310989,0.03222997992885965,0.03281857343963708
2025-07-21,0.011024549559359005,0.010112432628935786,0.011024549559359005,0.009949955641960079,0.01781837687465975,0.0009393970520643,0.007667672062839915,0.025360593903936992,0.025646028607503354,0.014101776127455966,0.017244306349181452
2025-07-22,-0.0019851751162780215,-0.0038931174491227995,0.003961412054677418,-0.0019851751162780215,0.007196604160267379,0.0217780355814376,0.020667359509202166,0.007856383855397647,0.008340532903523127,0.004911362851962914,0.00475564058744672
2025-07-23,-0.023390855444447793,-0.007173034790252331,-0.02030655123447287,-0.023390855444447793,-0.06616594336849033,-0.0098465011939141,-0.058345408387568826,-0.08855417504319549,-0.09505852644754431,-0.05377320478557192,-0.05145263846091949
2025-07-24,-0.017392803498868268,-0.010828391992297334,-0.018606661678278156,-0.017160942694796837,-0.019965203142296894,-0.0035939285622146,-0.04255414400521763,-0.03441144863819242,-0.036670097832892594,-0.015653354690808016,-0.019733829179558005
2025-07-25,0.01846996719310752,0.00808350674206565,0.01846996719310752,0.019677042327783632,0.023910886570757683,-0.0063269190357462,0.01371122496822258,0.036746509868546405,0.040424100615365624,0.01879974632300234,0.020010598886402046
2025-07-26,0.008694609745612054,0.018634186300907078,0.008694609745612054,0.008263412266423194,0.008760183004792992,0.002720177004033,0.004780298740056265,0.009752194935339478,0.00993797289182869,0.006975457140978257,0.006546009496640019
2025-07-27,-0.0017028157920849739,-0.004871264388191274,-0.004857558014792741,-0.006585141538516585,0.02465351645350577,0.0126665506158736,0.013688181325389822,0.03147898599644805,0.03430766163178012,0.020660785746628323,0.017509705294906305
2025-07-28,-0.0197431066762985,0.00011219078208373617,-0.021490256908686917,-0.01713940958585703,-0.04828802163225562,-0.0114712050436456,-0.046306446536366314,-0.06215324370010591,-0.06651336103826407,-0.0394388976076832,-0.03831370428770166
2025-07-29,-0.01330884438204737,-0.013599218784299975,-0.013581115448650408,-0.019867741880108,-0.008354144962303444,-0.000940637332911,-0.013057672857671405,-0.020266961460929392,-0.022689146163212527,-0.006105241211241759,-0.010015240657049403
2025-07-30,0.003204382678670915,0.011372828049660728,0.003204382678670915,0.0045350043607833256,-0.01293976485241137,-0.0009147505093245,-0.012988462858128807,-0.017823104015149412,-0.018236768328345074,-0.010954025692314035,-0.011265377762287844
