date,RIDGE,BOOST,OLS,ENSEMBLE,EW,BTC,MV_OPT,RISK_PARITY_ML,RISK_PARITY_EW,VOL_TARGET_EW,VOL_TARGET_ML
2024-07-18,0.0,0.0,0.0,0.0,0.0,0.0,0.0,0.0,0.0,0.0,0.0
2024-07-19,0.0,0.0,0.0,0.0,0.0,0.0,0.0,0.0,0.0,0.0,0.0
2024-07-20,-0.24101712254630103,0.0,-0.24101712254631197,-0.40431470045108103,0.0,0.0,0.0,0.0,0.0,0.0,-0.19068438311909144
2024-07-21,-0.6508791499645998,0.0,-1.1869268492592047,-0.7996688731188134,0.0,0.0,0.0,0.0,0.0,0.0,0.0
2024-07-22,-0.33393632644209864,-1.565202762855741,-1.0400440013928496,-0.44059374453085076,-3.947314527840065,-0.8893807047460132,-4.547731539478777,-5.312690383058115,-5.989076373452095,-3.37004544114108,-2.1129824141923663
2024-07-23,-1.6563945665192217,0.0,-2.35313297495436,0.0,-5.287880118659409,-3.2555747604031198,-0.6118964325768534,-4.107333947551557,-7.873423840266308,-4.506849395233622,0.0
2024-07-24,-3.0621562681342467,-2.88711725685799,-3.7342407287598642,-1.8087559287701942,-7.462046126333825,-4.078318559910572,-4.763666420995141,-7.688523486534961,-11.45268272795459,-6.361943618339297,-2.317158545834834
2024-07-25,-3.4163694303434493,-2.9793148688211684,-4.08599807853396,-2.34845890182539,-9.310531649702915,-3.4728959725284363,-6.949070306124872,-9.120421418234093,-13.039021016291413,-7.8768369831877045,-2.5311158973165444
2024-07-26,0.0,-1.0372605384625087,-0.42373793127237186,0.0,-5.058488897556923,-0.3625839543468055,0.0,-3.2658205850581647,-6.941420479239041,-4.342051081341181,-0.9839459620511455
2024-07-27,-1.360904936044717,-2.722721575420933,-1.7788761968945097,-1.4244116861289058,-5.469941928711573,-0.3845983046477354,-1.9777804707478541,-5.206587992516392,-8.78345368346274,-4.704571119800266,-1.6515457459714462
2024-07-28,-2.7339571418170907,-3.5432133821880396,-3.1461102596548476,-2.8101364172531165,-6.8269109826117464,0.0,-3.6296069865026515,-8.061578110784605,-11.120946205084401,-5.84296872530836,-2.963872191759933
2024-07-29,-2.6817589039965726,-3.6661788077721726,-3.0941332055674327,-2.329908464620555,-6.651812400940238,-2.1455687878381164,-3.8142281702871177,-8.06086297122718,-10.998122617327736,-5.765942346391532,-3.0737830265097723
2024-07-30,-3.3131053721623616,-4.010781170653584,-3.722804419269861,-3.0069822787116145,-8.311822304536195,-3.0316424013242838,-8.14035060718139,-9.827129935661558,-12.253378058348765,-7.107982732689424,-4.072121876216309
2024-07-31,-4.555472627599786,-5.574760328645881,-4.959907293400291,-4.4117629442936614,-10.63969450926852,-5.305335557802084,-9.463082103693203,-13.378816762652923,-15.96450693693229,-9.065271614695156,-5.1394747076199625
2024-08-01,-4.750912946333605,-5.0045374470994615,-5.4209619356335645,-4.664305400577951,-10.901620082484197,-4.282972605991775,-7.668141216404499,-12.888849299931055,-17.403517058724983,-9.323391485942267,-3.0112325850972654
2024-08-02,-6.260043841855876,-9.19677281086827,-6.919476544296353,-6.1748085100198375,-17.606064725982446,-9.963944049461828,-12.451197809551944,-21.63831289340524,-26.49451422041022,-14.920950022196397,-6.973827709359758
2024-08-03,-8.826718195799101,-11.797284174114022,-9.468095107786139,-8.404254039896108,-21.29708310668313,-11.102862960295349,-16.131364704216384,-26.570222213124527,-31.739618954071947,-17.92795852329623,-8.328985808013794
2024-08-04,-11.105433958910456,-12.72550498267148,-11.7307807834583,-10.69352855127621,-25.348439919948166,-14.789258038550187,-20.710559520204622,-30.45531071128912,-35.74363944897656,-21.202556999472606,-9.67955786710012
2024-08-05,-12.544274520378792,-13.029112226282393,-13.159499529654727,-12.075209402005067,-30.90963329873382,-20.864804061060337,-26.715238916073776,-36.44463927998498,-41.513105980790165,-25.636201213418314,-12.596793989750982
2024-08-06,-8.962567595919419,-12.498789215676858,-9.602988847793993,-9.740933165183813,-26.514114949203773,-17.830472538733957,-20.703949827086497,-30.374982597155785,-35.741366250940686,-22.101672628227274,-8.127237135761158
2024-08-07,-11.700731953808221,-12.11188032961619,-12.321891034072616,-12.162358994269153,-28.797309487110066,-19.217497958884934,-25.33052893704692,-33.07260096843372,-37.64436484957127,-23.85755446220248,-12.053840255512078
2024-08-08,-5.699024744209048,-7.180206644967299,-6.362404049089347,-6.192028605771494,-19.680228831597642,-9.57450323438217,-16.328848716243748,-22.313685492687853,-25.887147277143637,-16.8743785533307,-7.721402991158966
2024-08-09,-6.578233205834012,-7.7934847038379464,-7.235427540765316,-7.066640580822235,-20.80864875272126,-10.803227858428842,-17.87432419629469,-24.325685374735592,-28.133596326954414,-17.65282938239201,-8.452992032738631
2024-08-10,-6.019368518681959,-8.462727810530863,-6.673619718902597,-6.622674568844386,-20.009801726787273,-10.723585348735114,-17.989297275208525,-23.512667252114706,-27.32256385369653,-17.080353788716014,-8.033387405859587
2024-08-11,-8.438100797553224,-9.968980812733399,-9.075513863452768,-9.025879863117172,-24.40828294540044,-13.924739316696522,-20.262170711008842,-28.318909908215577,-33.29651124010746,-20.07169135273358,-8.89129998930461
2024-08-12,-7.036047541631368,-9.24528137718472,-7.683221076374356,-7.7715292048416815,-20.947012072082995,-13.011694852157108,-15.774104413239435,-24.34254253631482,-29.183225588073274,-17.67257656357475,-6.802107210086692
2024-08-13,-6.225097586439434,-9.156818870971033,-6.877916592734805,-6.96699505713267,-20.029132086069698,-11.196568866209411,-14.952071546206259,-23.11272252104592,-27.971779339003056,-17.042714816084594,-5.933411858427524
2024-08-15,-7.087233736060729,-9.893180809846749,-7.7340509353693605,-7.756536906479826,-22.360664666654284,-12.943650174267237,-16.330230100271024,-26.09520812847737,-31.055463118127395,-18.666549587096807,-7.536622027381689
2024-08-16,-7.140073444628866,-11.534810093129488,-7.813380290022998,-7.83584692791688,-22.431502466744583,-10.91040872574229,-15.882456976734199,-27.397287551111276,-32.73259601570604,-18.71480683365585,-7.657161280937934
2024-08-17,-6.642431668687092,-11.785878682576936,-7.058594765076844,-7.1229845206509905,-21.232183625219946,-10.032604749016194,-12.927468776735514,-26.045673784456763,-31.528722611986872,-17.892706874415346,-6.486502405177664
2024-08-18,-6.0151381733550755,-12.442152011665678,-6.667429704317946,-6.960565976202035,-21.629184079731026,-11.58828174454789,-12.58837474412758,-26.390769775624427,-32.14533867915906,-18.15587364334854,-6.12937247712247
2024-08-19,-6.922120972346884,-12.615487761027753,-7.5203019338325845,-7.775842755028144,-20.263817614983353,-10.049414328201927,-11.858869247097587,-25.225626365498666,-30.897871742981316,-17.20727260771372,-5.5058810865769
2024-08-20,-9.55965597485729,-11.01621126022879,-9.792864795497575,-10.351884827409762,-19.223190438703174,-10.716257946167714,-12.055474398960392,-24.840678042475776,-30.702177677223247,-16.480731715224085,-4.819854768888435
2024-08-21,-7.980357010025714,-12.947826428125328,-8.304250078473245,-8.839677916060623,-16.797074573927183,-7.498374605419039,-7.369887022381838,-22.54070474058866,-29.131901663952895,-14.78998835053826,-1.4386141528922198
2024-08-22,-6.321232199492711,-11.670880603421978,-6.540880524524829,-7.086604991431952,-15.129181988735196,-8.68404087181949,-5.329182466864349,-20.331145610917844,-26.938825491967666,-13.614531692986114,0.0
2024-08-23,-7.707254565914341,-7.600149869153711,-7.885437879125639,-9.037836461366835,-8.507874638817457,-3.090577325833062,0.0,-10.890957924279812,-17.125554428835237,-9.04291540902717,0.0
2024-08-24,-7.815160527508946,-7.58326807013852,-7.49592690184167,-8.788203859202818,-7.132522667270615,-2.96149484926075,0.0,-8.789809431342837,-14.849566500194806,-8.124294635129012,0.0
2024-08-25,-7.766021760243803,-7.8886861536442545,-7.667365915082065,-9.043872402131738,-9.039494948450725,-2.813236363574621,-3.607776105314327,-11.306580510761643,-17.325560758253324,-9.373079455517773,-1.5572852619821729
2024-08-26,-6.9217804652948205,-9.943479204379193,-6.955290611929965,-8.131235901540093,-13.061526406745822,-4.951217014375123,-5.591579683754985,-16.38005485752658,-22.87423578426298,-11.972179673059244,-3.801374854137679
2024-08-27,-8.110628144568977,-9.77478357909345,-8.596782919890561,-9.523824517412715,-17.55826557240313,-10.079054434912118,-12.280621139489659,-21.942491503999168,-28.3096580305156,-14.935217139301358,-7.048802513264003
2024-08-28,-8.792832260884495,-10.611198948573604,-9.345146157582507,-11.016746157812653,-17.840801741482984,-10.70845842880977,-12.034579762441393,-21.96304165823058,-28.612489410631785,-15.118124604166628,-6.592091691255055
2024-08-29,-10.23167448426977,-11.879427084428231,-10.768668033021003,-12.55221963180384,-18.084133883168256,-10.192275893794173,-12.819437616560666,-22.64230129812574,-29.221493605235803,-15.263524402702311,-7.077111930570062
2024-08-30,-10.961795329119074,-12.888809169188006,-11.584578246199047,-13.021180024181772,-18.13317602616845,-10.556901246918574,-15.028449742886169,-23.46632979805021,-30.1918215099176,-15.297698276799899,-7.267781083478337
2024-08-31,-10.918846514707836,-12.22006995516752,-11.598098390830456,-13.251181684749755,-19.459191818882417,-10.766281380529945,-14.61785166062501,-24.967231780213567,-31.67724084533144,-16.196508745251126,-8.076280282181418
2024-09-01,-11.595404212160137,-12.733841391798967,-12.401255759289263,-13.9600108257071,-22.76580185278852,-13.27111387084158,-18.99585485700831,-28.825207746450893,-35.25681374348964,-18.435582184114455,-10.544859907390594
2024-09-02,-10.913318746641384,-13.494862496334454,-11.71457354620062,-12.581677818568382,-19.57331473191553,-10.531388843291403,-18.56244327212269,-25.359792419157017,-31.677629169464076,-16.25212381553274,-8.802418546315531
2024-09-03,-13.515633201716787,-14.108250957590645,-14.49208609501746,-15.233722656254049,-23.253561050275714,-13.043860424720515,-22.401159485507243,-29.85454698584138,-35.976127975047476,-18.705089547666386,-11.476136506688592
2024-09-04,-11.6727386858647,-14.824854902923503,-12.612128930598358,-13.370070941272537,-21.542805399132988,-12.299113556624992,-20.355305005544626,-27.568410482526236,-33.780452253376524,-17.53367518178022,-10.079453597934894
2024-09-05,-12.614547625950436,-13.405349729140866,-13.496842229899544,-14.318029212236864,-23.696000556107176,-15.016350145932162,-23.303996375499874,-30.294418511787413,-36.50633421482297,-19.03938836154078,-11.603207656835426
2024-09-06,-13.973841797172035,-13.50904071893371,-14.713289463268604,-15.503870541295296,-26.088657992856763,-18.3609864693084,-26.99431330121965,-32.56292618169935,-38.35445280845607,-20.729243375914194,-13.771920443316542
2024-09-07,-13.973057826486842,-13.964252091832527,-14.673436126314016,-15.443057026731594,-24.964935649476402,-18.05616442815928,-26.77228023456955,-31.23423547489165,-37.00639385897252,-19.927654574280815,-13.037445281834485
2024-09-08,-13.262971328291878,-13.697024274677178,-14.058499774630661,-14.84280291968493,-22.986666935973155,-16.97797923494412,-24.640262175263118,-28.648555985645164,-34.47415697452576,-18.476213173420238,-11.447269443771571
2024-09-09,-12.284873946418708,-11.957861356967305,-13.276365198371709,-14.014376092783158,-19.85828482243987,-13.71479525914354,-20.575096293161828,-24.208973327276244,-29.947767305165506,-16.157596503812233,-9.042555525172023
2024-09-10,-9.892001654668315,-13.206089442332535,-11.004601505245356,-11.554403147239874,-19.00060801096661,-12.840883133475584,-19.70572364300524,-22.74701648528563,-28.57333552288071,-15.535273957055502,-8.089376381559333
2024-09-11,-12.932461756216687,-14.860747158429536,-14.359689659105971,-14.343449993379465,-20.16698340727381,-13.278339667577702,-22.78615665897854,-24.847110535503354,-30.502924473469488,-16.37753244194748,-9.589909687924738
2024-09-12,-12.927132334949597,-13.339013951452047,-14.308726202595098,-14.279018018214554,-17.92513598877766,-12.08320500403444,-21.47439047912238,-20.94275153264591,-26.314106372918445,-14.737059866611482,-7.852121410778102
2024-09-14,-13.232609994166003,-12.782318679813272,-15.64753979244246,-15.393818898348874,-18.51432767631197,-12.843416731901497,-22.098497642777172,-21.0035775829268,-26.229474029329815,-15.15924758454581,-8.127597341254768
2024-09-15,-14.463740243655316,-12.455566932129456,-16.758179682990168,-16.451160960325325,-20.821265463630528,-14.060603999189784,-23.098126992746383,-23.50807573902599,-28.721622320882272,-16.819298289655105,-9.537494817506124
2024-09-16,-16.01841197185686,-13.088291632949264,-18.212606924573244,-17.969710150447117,-22.391357074387887,-15.432316340380705,-24.857627481889246,-25.064433573701265,-29.983454989416924,-17.968951621595362,-10.914719483861807
2024-09-17,-14.783647606985689,-11.977981433122943,-17.010103365919342,-16.763635329471615,-20.275984069969173,-12.38377984385582,-20.94049166546801,-21.108975843956966,-25.887823189257595,-16.415650657268806,-8.967675117551858
2024-09-18,-11.522197803808606,-10.193579205391522,-13.833865772521742,-13.565428060336746,-17.975414679594635,-10.303766155664531,-17.62126235357721,-17.132805376221107,-21.817696881151193,-14.742877436014012,-6.9524109772613585
2024-09-19,-9.086938432350012,-9.604304543760362,-11.462232654708405,-11.186406474025942,-15.017652190485423,-8.572278472696375,-14.657239120303672,-13.750440825688049,-16.696115393936967,-12.63384083865773,-7.899149698648484
2024-09-20,-8.72800017612097,-11.003172243510454,-11.216315720398628,-10.930245683704081,-13.479119168616958,-8.205452645650164,-12.492625879433287,-12.079282622439147,-15.126373161843407,-11.52521745322897,-6.789224197826907
2024-09-21,-7.864145056340016,-12.536735978038093,-10.355871615621325,-10.055460596345641,-11.70533468362143,-7.972009756818673,-11.061157024624324,-10.507924126908467,-13.504414710264845,-10.278295960364964,-6.0681780417625175
2024-09-22,-6.791156889584943,-13.444450658941873,-9.138956900236984,-9.103464020629982,-13.186891155549416,-7.657733285085739,-10.525163107331853,-12.208894932246645,-15.582604568254958,-11.309717199548608,-6.404463861302808
2024-09-23,-5.185394878688492,-12.134060559440671,-7.87248771953128,-7.836500121433026,-10.814443493848106,-8.012235395551942,-5.40921239988539,-8.587678423022815,-11.97272474991249,-9.619810226334138,-4.164206889669483
2024-09-24,-6.075837891103106,-11.179236286754628,-8.693801953287252,-8.702045512478474,-8.421233914499545,-6.630414356642947,-3.5711668779839916,-4.870118984911165,-7.771296263311752,-7.941082760781891,-2.738062354757227
2024-09-25,-6.946125342524918,-7.544343550494482,-9.539831735325215,-9.535551559241823,-9.019766613597335,-8.306627960465278,-4.9621722485588045,-3.8687860159369385,-6.178998522251538,-8.345849456748553,-3.0413997674034356
2024-09-26,-4.474435659235483,-5.8554273113674355,-6.920948357805823,-7.13264201099843,-4.687251145262932,-5.335924408785542,0.0,0.0,0.0,-5.3266511357349975,-0.11665691554361231
2024-09-27,-3.087827685107287,-5.711252748984638,-5.557101780378577,-5.736356698858438,-2.0961938412663432,-4.454464896264529,0.0,0.0,0.0,-3.545461728827806,0.0
2024-09-28,-2.1501374302581233,-4.868013589248534,-4.586074768152064,-4.884706309155079,-3.401715491096752,-4.329485146512581,0.0,-1.048073886031672,-0.6233979323135496,-4.431891305123034,-1.116722313034062
2024-09-29,0.0,-4.40949359627833,-1.7383435910586849,-2.0458881114587073,-2.5467923272756545,-4.708043474510633,0.0,0.0,0.0,-3.845153315283054,-0.028298291822600807
2024-09-30,-1.6072815054452565,-2.6202267211712065,-3.419026101941045,-3.4733745865853725,-6.7848153680825956,-8.038614589079456,-3.2023006133974437,-4.095988047641847,-3.6382351444046077,-6.723068549120004,-2.6763025345429456
2024-10-01,-3.3772566165130766,-2.7143547198278646,-5.3669299376564155,-5.384712412891597,-12.375979566136461,-11.677631053411265,-8.594939417662095,-11.186138002088436,-10.510605066634932,-10.533648085136795,-6.701736434350761
2024-10-02,-4.9501506002970235,-1.4985298361675548,-6.990639700757622,-7.117347035965793,-13.915563895890894,-11.916337925253735,-13.400644596068808,-13.163012781507232,-11.825942260768441,-11.573939481158815,-8.586740081729753
2024-10-03,-5.109340203476102,-0.04013309981680935,-7.191251564193718,-7.448735012098577,-14.535200620518701,-11.761778880260577,-14.334628580104228,-14.487482296545465,-12.914180008943548,-12.022634206357138,-9.68921012839606
2024-10-04,-1.926538981459521,0.0,-3.7820549529446588,-4.587956888684137,-10.889945996617435,-9.832846781084212,-7.73395709346464,-9.323808823295273,-5.948967874975901,-9.43061676734824,-9.391208092786325
2024-10-05,-2.0247548365571055,0.0,-3.748147743983247,-4.43792600718785,-11.347532268252175,-9.86783242054448,-6.372339755618821,-9.46400550899164,-7.146522367494225,-9.754430359605752,-8.04467321622713
2024-10-06,0.0,0.0,-1.378825975226551,-0.4969130612210819,-8.871720233858188,-8.77104831066791,-3.2170818606015263,-3.830081200884351,-1.3949012883212395,-7.95906222758247,-4.898057690145159
2024-10-07,-0.20833502686878644,0.0,-1.5842884246293782,-0.6946445449692958,-9.687674523773875,-9.63921427987321,-0.6572816404599141,-4.0855963593666695,-0.717788847989629,-8.546416160231098,-6.311050474624215
2024-10-08,-0.3410008257939321,0.0,-1.7151249930586958,-0.8894122961159048,-10.172567640255338,-9.76817732381293,0.0,-4.681887576838829,-0.8182052255739498,-8.916108944514352,-7.340943762722904
2024-10-09,-1.056893421933395,-0.807145412388595,-2.3503828244774123,-1.603069009429274,-12.630619611484978,-12.003713094365818,-1.8883694600251972,-7.262045622871286,-4.762287535085662,-10.80051263484686,-6.9572531041466465
2024-10-10,-0.03810045396550628,0.0,-1.3449086005133268,-0.5894951168311494,-12.093143706008487,-12.454185894378849,0.0,-5.807129718321657,-3.058189880777089,-10.315384706405005,-6.424792320869824
2024-10-11,0.0,0.0,0.0,0.0,-8.286313984163023,-9.224783528844661,0.0,0.0,0.0,-6.9763937135287515,-5.009601159879798
2024-10-12,0.0,0.0,0.0,0.0,-6.537074369421,-8.199569824081038,0.0,0.0,0.0,-5.422994345159422,-3.6150983633689124
2024-10-14,0.0,0.0,0.0,0.0,-1.412744172144092,-3.5556245935771758,0.0,0.0,0.0,-0.9391987912806383,0.0
2024-10-15,0.0,-0.802763620594996,0.0,0.0,-3.047483290509346,-2.098467268036058,-2.2049605476519254,-2.7131891871845784,-3.1174752565175816,-2.5468091383746536,-1.3236104106898234
2024-10-16,-0.42521163278244717,0.0,-0.4204678063023281,-0.12708364785277923,-3.6563544514825215,-1.2829824786709216,-0.7201202526585129,-4.228479774833934,-5.76803353529525,-3.2314842074122954,-0.4654297873177406
2024-10-17,-1.3894513392928647,-0.08023293260464079,-1.3847534500015501,-0.8674483449503096,-5.301721305733729,-1.5950591178789435,-3.6381974546125115,-5.47781870963975,-6.919018272996374,-4.627759584774932,-1.5156000359484327
2024-10-18,-0.09242324158949076,0.0,-0.018078099318697045,0.0,-2.519505629685946,-0.09610350888345973,0.0,-1.6684441166753585,-2.930724964467345,-2.24381342165647,0.0
2024-10-19,0.0,0.0,0.0,0.0,-2.178535141434212,-0.17103958111967552,0.0,-1.2623713614889367,-3.832608716537204,-1.983996104471273,0.0
2024-10-20,0.0,0.0,0.0,0.0,0.0,0.0,0.0,0.0,0.0,0.0,0.0
2024-10-21,0.0,0.0,0.0,0.0,-2.616424546760635,-2.4210786169690515,0.0,-2.2017631296480324,-4.569584515178183,-2.2428096805748665,0.0
2024-10-22,-0.4182399759915606,-0.24840545025883715,-0.41803083395288443,-0.5285035462989998,-2.751706727668635,-2.3541578906652307,0.0,0.0,-4.496445915482511,-2.391984504083973,0.0
2024-10-23,-1.344150139490737,-1.1769111606444267,-1.3158637769141757,-1.507672822009653,-4.862487430938523,-3.5140009345015386,0.0,-3.631799652747319,-7.552252686452139,-4.460991406740305,-2.5513711781343376
2024-10-24,0.0,0.0,0.0,0.0,-3.100666687207545,-1.2397932062049437,0.0,-0.2712090269752212,-4.308471857390081,-2.797631226457208,0.0
2024-10-25,0.0,0.0,0.0,0.0,-9.552654132449545,-3.4941499384324906,0.0,-8.616649035717357,-14.142386285297945,-8.655601608050574,-3.4911189326273178
2024-10-26,-0.38687694092208114,0.0,-0.38687694092206965,-0.3669185045908251,-8.051586802151885,-2.8903166259027424,0.0,-7.3812163558176795,-12.236190565998173,-7.446252109489132,-4.080286900522163
2024-10-27,-2.007160202851415,0.0,-1.923934777525994,-2.097796898626429,-6.779220098591749,-1.5354167009685467,0.0,-5.481182765356477,-9.779171535093193,-6.145534917985938,-4.036899855213933
2024-10-28,-5.8833559719989985,-0.7921490444136672,-5.803422603952454,-5.56838580795113,-6.282302946419177,0.0,-2.8537009696662183,-6.866323085415145,-8.994126990685386,-5.726591135457196,-8.018821750810943
2024-10-29,-5.4237219742610145,-1.5032098790722477,-5.717069206627837,-5.406846925245086,-2.9973022892150674,0.0,0.0,-3.1769574194624957,-5.169011726376011,-2.7202369012346463,-5.3113928030514135
2024-10-30,-4.262064445528821,-2.604666559544507,-4.567301426892627,-4.266194981420347,-3.8643212810022676,-0.5078855801216811,0.0,-4.206051061662273,-7.178900048996019,-3.464206534774221,-4.154406238292535
2024-10-31,-2.5882542847294374,-1.1826320860596589,-2.9134155091755995,-2.367196195100478,-7.395711296372854,-3.4064946628422703,0.0,-6.69982934768123,-11.953983681235806,-6.6418329954559265,-1.511556430911689
2024-11-01,-2.3984748189191407,-0.7909977428966217,-2.769518781469718,-2.148611059905585,-7.99350184865148,-4.42402557845662,-0.3588157308947141,-8.398344530281639,-13.476034480899685,-7.388015586306464,-3.0998087834554298
2024-11-02,-3.121539246562627,-2.091923872398859,-4.298350289489812,-3.601520624715321,-10.020136606325341,-4.631398320993073,-3.653114213715919,-10.891080171159588,-15.902900688289334,-8.99909028600761,-4.965509904195654
2024-11-03,-3.5084055929944515,-4.579272987246241,-4.680517257080594,-4.365077564331321,-12.538820809762333,-5.410492123387188,-7.2573046670135195,-13.958628012466972,-19.503473505082795,-11.401443710701287,-5.334351629763008
2024-11-04,-2.528726077192595,-5.700287250840205,-3.7553779143515653,-3.5690483769424075,-14.899589658506649,-6.707172400231006,-8.678920326444036,-15.738388363675659,-22.940631011727156,-13.686776812920728,-3.7063089195369736
2024-11-05,-2.3750881804938473,-3.781726487021339,-3.6036735125242623,-3.4170502754734704,-10.995580827306133,-4.5730479683266125,-4.9602052044471945,-10.43403249960172,-17.7171417451828,-10.285983763651881,-1.583502457927595
2024-11-06,0.0,0.0,-0.4278127991693805,-0.4854471936951073,-1.1550688446679251,0.0,0.0,0.0,-3.7926800889591377,-1.452420927487551,-2.771090855530902
2024-11-07,0.0,0.0,0.0,0.0,0.0,0.0,0.0,0.0,-2.1270627929239754,0.0,0.0
2024-11-08,0.0,-2.928152228173599,0.0,0.0,0.0,0.0,0.0,-0.7171118144724735,-3.200928359888771,0.0,0.0
2024-11-09,0.0,-2.0826570171396948,0.0,0.0,0.0,0.0,0.0,0.0,0.0,0.0,0.0
2024-11-10,0.0,-3.5724200746019403,0.0,0.0,0.0,0.0,0.0,0.0,0.0,0.0,0.0
2024-11-11,-3.7234276849490078,-7.878703346289625,-3.723427684949014,-3.4960954383213747,0.0,0.0,0.0,0.0,0.0,0.0,0.0
2024-11-13,-4.929069555872234,-2.7474912453927085,-5.115176546326757,-5.15495673775477,-1.3444837217594556,0.0,-2.4276546524059164,0.0,0.0,-1.1843297273084252,-2.0821149921405504
2024-11-14,-6.520022156053627,-2.9353927435375358,-6.804151647245646,-6.843223740682998,-4.520410786901659,-3.4992622635954094,-9.597496050588159,-4.729654174124825,-4.916695263594613,-3.63938889850435,-5.269203095141384
2024-11-15,-4.89118462174444,0.0,-5.320378264696165,-5.508716984502688,0.0,0.0,-4.604880004370619,0.0,0.0,0.0,-2.6798093020247133
2024-11-16,-4.347041943309346,-6.809630107901215,-4.562639003235516,-5.0640714730614835,0.0,-0.5407751636826975,0.0,0.0,0.0,0.0,0.0
2024-11-17,-5.710026056235976,0.0,-5.896890945896673,-6.53530349346245,-2.2746622088220905,-1.318938654954554,-2.1961419250523138,-2.068582778294044,-1.9439974904824682,-1.8200836673404357,-1.5922771726517322
2024-11-18,-0.7400488022763074,-6.693643645625044,-0.9095206355788245,-1.5817684072670504,0.0,-0.5952845801146546,0.0,0.0,0.0,0.0,0.0
2024-11-19,-1.2629498595769242,-2.729466455068658,-1.7585349802666295,-2.552756011566272,-1.238750448196835,0.0,-0.42816512137099905,-1.9928895152970634,-2.428631673408638,-1.2019612491646443,-0.7244080721921816
2024-11-20,0.0,-2.739399417133747,0.0,0.0,-4.255988836708189,0.0,0.0,-5.457883482728923,-7.120811160729098,-3.3714001266321922,-1.0831658812582505
2024-11-21,-0.7072579319724002,-1.8617081982513883,-0.7072579319723852,-0.7072579319723976,0.0,0.0,0.0,0.0,-0.3054097690252167,0.0,0.0
2024-11-22,-2.52112696939281,-4.147360075314328,-3.179836245986349,-2.465783937500974,0.0,0.0,0.0,0.0,0.0,0.0,0.0
2024-11-23,-2.241003706196151,-4.359884088006837,-2.901605903648544,-2.515185617054453,0.0,-1.2320190022419348,0.0,0.0,0.0,0.0,0.0
2024-11-24,-0.12640876164263265,-5.289326184438069,-0.9928160375683334,-0.4427555560084108,0.0,-0.9866263470404405,0.0,0.0,0.0,0.0,0.0
2024-11-25,0.0,-8.218028854147121,0.0,0.0,-3.338077144212241,-5.981563815159026,-3.144390870703802,-3.1572481003272106,-3.9206734045154943,-2.1204091064526054,-0.9381094403792142
2024-11-26,0.0,-7.22035613982554,0.0,0.0,-3.5100505335998045,-7.078084880305487,0.0,-3.3992819809426797,-4.935647059010266,-2.2856477061683522,0.0
2024-11-27,0.0,-7.274459379652587,0.0,0.0,0.0,-3.028409874156454,0.0,0.0,0.0,0.0,0.0
2024-11-28,0.0,-7.34408862501074,0.0,0.0,0.0,-3.312272670390865,0.0,0.0,0.0,0.0,0.0
2024-11-29,-0.19570750668904904,-4.543089886027455,-0.011360437142432558,-1.2678470015980672,0.0,-1.4688643369568426,0.0,0.0,0.0,0.0,0.0
2024-11-30,0.0,-5.031135567468606,0.0,0.0,0.0,-2.490566712083233,0.0,0.0,0.0,0.0,0.0
2024-12-01,0.0,-5.277369866338426,0.0,0.0,0.0,-1.721348444223016,0.0,0.0,0.0,0.0,0.0
2024-12-02,-3.186215581949931,-6.540687764134084,-3.5662133912032,-4.1116124023439315,0.0,-3.1134474081275765,-0.9491907684018608,0.0,0.0,0.0,0.0
2024-12-03,-8.5190671006719,-8.858931797121134,-8.360944872921284,-9.11890974300066,0.0,-3.104361895020912,0.0,0.0,0.0,0.0,0.0
2024-12-04,-5.942499835423381,-4.931693685450348,-5.489961286724398,-6.384752664806853,0.0,-0.21141126501619656,0.0,0.0,0.0,0.0,0.0
2024-12-05,-5.221267132291581,-9.337589779619995,-4.5843179906953235,-5.57485906940911,0.0,-1.913688859715348,-1.0450589080763808,-0.7365282018824892,-0.4645203707261782,-0.20450097637960718,-0.8792932886068016
2024-12-06,-7.417853244831391,-9.592398526179554,-6.8176305498931615,-7.804221437995751,0.0,0.0,0.0,0.0,0.0,0.0,0.0
2024-12-07,-9.751736386224295,-9.72646908954,-9.206513597912771,-10.366961509712677,-0.07102534766130637,0.0,-1.63152179032457,-0.4065672112501362,-0.7018097979972058,-0.01182618149991674,0.0
2024-12-08,-7.274468710625238,-6.550258590905495,-6.642964126357316,-7.8167919623202256,0.0,0.0,0.0,0.0,-0.3662268207066161,0.0,0.0
2024-12-09,-7.817408560547539,-4.590434391629449,-7.189601652630895,-7.750741163347047,-13.595550910770404,-3.714551210239731,-11.599927220596577,-14.896353932403894,-16.131483331855126,-9.743527090181153,-7.400674111654575
2024-12-10,-7.244602484346868,-3.179349004179478,-6.732952368998187,-7.146914863623543,-14.813421310043976,-4.455847537684324,-12.021562916645372,-16.28799521824033,-17.478144702939332,-10.659366177347392,-8.353801644109607
2024-12-11,-8.265648019224829,-1.5233748461155894,-7.711204239949332,-7.9712336067049225,-8.300802082986412,0.0,-8.458297681393313,-10.35371688108165,-11.039620721508232,-6.533856067866105,-5.985427261762346
2024-12-13,-7.786402116484894,0.0,-7.0322420796172365,-7.362313565953565,-7.5189017935450835,0.0,-8.39653130113237,-9.866749438012398,-10.535373576444503,-6.098826581884056,-5.82210805952355
2024-12-14,-7.084976139254441,-1.7067495887651238,-6.129898621684555,-6.579893429337283,-10.613128962702506,-0.044947204905967916,-13.850662028450936,-14.601438893484678,-14.137812035177044,-8.089172001233672,-9.544052844236607
2024-12-15,-6.200503092623026,-0.5713592795025283,-5.195394016335135,-5.7752733439814135,-7.806879938209586,0.0,-9.65005350596752,-11.332170921813967,-10.98367645629524,-6.34305686823335,-7.312158364431742
2024-12-16,-3.0723317026299974,0.0,-2.238550692849708,-4.708848883594857,-9.211129062544089,0.0,-8.888742940168031,-12.850904129687871,-13.422875504799878,-7.3336564162276945,-6.892728481604286
2024-12-17,-3.0733920551915115,0.0,-2.2967483311178283,-4.721784080793635,-11.841627999948637,0.0,-11.775783084187106,-15.923506149548839,-16.527783346903306,-8.991990678393456,-8.852337157645596
2024-12-18,-3.265649058092404,0.0,-2.46185742692152,-4.720006125099246,-19.17687101321728,-5.634036784806389,-18.250988667622693,-23.505395997005035,-24.565821876315574,-13.687023034062044,-13.04531467317471
2024-12-19,-2.5873630148134588,0.0,-1.9041958320637313,-2.9427426547495044,-24.1240548703977,-8.190917166838535,-22.083251302236796,-29.187573789909415,-30.97717939761439,-16.823936048997915,-15.382310842590375
2024-12-20,-1.865284360134654,0.0,-1.197168391699596,-1.993208496233717,-20.483446174615665,-7.817769392664836,-20.476596306054265,-26.092035809996062,-27.979322006714913,-14.73479107464947,-13.264528364160903
2024-12-21,0.0,0.0,0.0,0.0,-24.136853585461292,-8.415271578048628,-18.928974241624605,-29.45661221094211,-32.12886274381436,-16.943032843578752,-14.137619139935936
2024-12-22,0.0,0.0,0.0,0.0,-23.875072326740472,-10.413699656907873,-18.67908535384439,-28.781215834041536,-31.678510246059304,-16.65581532247104,-13.326788985499588
2024-12-23,0.0,0.0,0.0,0.0,-18.800791227149357,-10.696802628835727,-13.493761550776433,-23.648126268650447,-26.487205383697376,-13.540047690251559,-10.088735086021435
2024-12-24,0.0,0.0,0.0,0.0,-15.434620047641015,-7.085522578049533,-8.831038974305008,-19.839876179952896,-23.006145004910728,-11.53435262979202,-7.333058300683399
2024-12-25,0.0,0.0,-0.12336784679859027,-0.12336784679859061,-16.59994511299181,-6.384925754132191,-8.892602056402907,-21.413791254509835,-24.735195510512558,-12.286698841458499,-8.032339369666657
2024-12-26,0.0,-0.04670213606418375,0.0,0.0,-21.271995578479686,-9.82635973605291,-10.775086963823039,-26.23432156833538,-29.80565607251592,-15.07354837210343,-10.534408677828685
2024-12-27,-3.625872371741984,-1.5090487547538116,-3.5196185303703107,-3.550095615560077,-21.58017498654641,-11.264512314841328,-16.841260230147306,-26.43192644676475,-29.45790214326755,-15.232801928297905,-11.582572601991323
2024-12-28,-3.191050171504283,-2.8639032959449544,-3.135079105002393,-3.0612106580797858,-19.411894201699806,-10.371751280371647,-13.652081815750726,-23.802246815045958,-26.704746065231372,-13.876681656641319,-10.2099433151456
2024-12-29,-1.9634914922187785,-2.9676367089419617,-1.7884588054751756,-1.5889992026813187,-22.284850914827484,-11.824385669174209,-15.006197248575623,-26.634003361747403,-29.894325701100094,-15.557945824236608,-11.310761615286003
2024-12-30,-1.331723898147137,0.0,-1.155563264467526,-0.7937924860981808,-22.574016592429235,-12.713081783550132,-14.969710797285227,-27.054189751594016,-30.513131209234672,-15.724961042345425,-11.223509473820522
2024-12-31,-0.7600108725294662,0.0,-0.8198542423687859,-0.18596627580730196,-23.321438350749876,-11.98765824628565,-15.713742605504757,-28.0430217039658,-31.62945667976036,-16.203450924216018,-11.613357346868561
2025-01-01,-2.285182854812788,-3.1605615792939807,-2.344106520490431,-1.7199604752552913,-20.335073462332957,-11.036115585055079,-11.98376300929441,-24.403212555038863,-27.749168395418742,-14.403365696261183,-9.679145441931372
2025-01-02,-1.3549440449583814,-1.9969228816897548,-1.3183137746100153,-0.7843407844963879,-17.40632544976664,-8.712074355916782,-12.12971884213403,-21.521500544570564,-24.99729661380364,-12.551459157285628,-7.777858910875003
2025-01-03,-2.7330141691100267,0.0,-2.7952675319231637,-1.8216034802270786,-12.597343421419726,-7.56137892581652,-8.105970975750378,-16.31410876494795,-19.426160447913563,-9.69815411567819,-4.8980345133248795
2025-01-04,-3.6886879719389793,0.0,-3.7844549247082706,-2.0005481764188433,-12.141406108949775,-7.4904123154060365,-9.629855928827128,-16.38290760851982,-19.35680284161767,-9.468641592847195,-5.188788368668122
2025-01-05,-4.412821708929125,-1.4533697390217084,-4.389057816957822,-2.603416306586121,-12.32552344594426,-7.367576067981532,-10.13643852876608,-16.59526780225569,-19.54771170359227,-9.616334680435466,-5.362039232666828
2025-01-06,-6.252645115731785,-4.703934130800598,-6.089149785348635,-4.686011907550332,-11.077001894175236,-3.662076895606868,-9.401447403942472,-15.40209732553468,-18.199392330801462,-8.862623572693048,-4.807375147593474
2025-01-07,-4.055879415048212,-1.0157412646845683,-3.9734999441225027,-2.5387517846411263,-18.673406512719158,-8.66000013908878,-12.033133690881636,-23.33775729503319,-26.682672281462132,-13.266424640690245,-8.9440834921287
2025-01-08,-2.759646855562448,-0.3078945053720987,-2.7056081154530944,-1.2138010454779045,-21.137319182172316,-10.43769963985812,-13.03839935205814,-25.83167027603065,-29.315151235240066,-14.742041692995214,-10.345332208877494
2025-01-09,-1.499940688036485,-5.3299860367486405,-2.0030010725340617,-0.8012321720367618,-24.181204417575472,-12.79836406515341,-14.694650361068362,-28.28288774681281,-31.78069184573038,-16.52084632774548,-12.098256870061661
2025-01-10,-3.155291172085828,-7.5346892501603895,-3.6498973357758224,-2.471473310620998,-22.352396207558815,-10.768819977584126,-12.377871712554272,-26.47246144333119,-29.953812568732513,-15.370004210404534,-10.840633059165675
2025-01-12,-2.421001047522383,-9.540525791833828,-2.894719748173601,-1.7691045903899447,-23.624939530400347,-10.827837557077851,-13.53430762685408,-28.07630762471376,-31.60944549955524,-16.13702108185603,-11.73251276492918
2025-01-13,-3.033182652491599,-7.678841981453706,-3.582085211866784,-2.5395135386736643,-25.922940397694198,-10.810384393678778,-16.331754486390288,-29.805374815061935,-33.635013648812055,-17.54830410767378,-12.208621112896582
2025-01-14,-4.33862369982204,-7.77868130182343,-4.648588539000369,-3.7204572390217265,-22.677684722845132,-8.912800903729819,-14.59875743174252,-26.55734233711965,-30.625193790494077,-15.481633147288337,-9.464041933506422
2025-01-15,-6.892842330772562,-7.849941592691639,-7.2006404099520775,-6.149353003279601,-17.321718712717026,-5.181472655842521,-13.64322131817423,-21.502538857946547,-24.722760188305436,-12.222061669537519,-8.054392010351778
2025-01-16,-6.878202613101518,-5.467841007403384,-7.177467080160009,-6.042291068392899,-18.067217840352722,-5.668065687506531,-12.987561466291123,-21.89142531187209,-25.282029292173082,-12.67206328553295,-8.01464176503334
2025-01-17,-7.179093700649254,-2.2101546327439214,-6.080062605511049,-5.028986944945913,-12.370039340776161,-1.780241125708204,-7.001636101568617,-15.838742918507137,-19.220613364474453,-9.117176293361295,-4.792229112207657
2025-01-18,-9.142695036425575,0.0,-8.084835067592996,-6.825257318583759,-16.503721978178987,-1.4720207141156314,-9.591844786833027,-20.287525386934277,-24.518815031182257,-11.497884614578517,-6.1202703435079355
2025-01-19,-11.493070242754614,0.0,-10.51615963286184,-8.603937849780023,-23.13867599908676,-4.442496388672827,-14.78366226443325,-27.111950887383184,-31.25695836626059,-15.363333098974458,-10.018573162961172
2025-01-20,-14.117178936290129,-0.5435567756386075,-13.060328985890093,-11.268477358134572,-22.787922888073116,-3.5598578288316634,-18.967717094849856,-26.862639431127207,-30.639708473445737,-15.047481352001999,-10.472648269389904
2025-01-21,-13.916513147348752,-1.5172955740345289,-13.295058923457287,-11.446318440992945,-20.373189188189045,0.0,-12.972987426049212,-24.40617667310424,-28.603460160648975,-13.648848799832642,-8.253057367566257
2025-01-22,-12.370746734578038,0.0,-11.716760580341408,-9.850599420874266,-22.134885441985176,-2.350578542380615,-15.116467201957843,-25.859004702662425,-29.974484448610404,-14.695417312813888,-9.255965883476637
2025-01-23,-10.418143160220964,0.0,-9.916724748660275,-7.019002230723746,-22.061433284780488,-2.0958455865571515,-15.576291491737763,-24.789161697226156,-28.907586579081507,-14.567257244222557,-8.61950163576148
2025-01-24,-9.702049179094743,-0.5544958283595566,-9.162766421089065,-6.234643613499201,-23.39263865346097,-1.2067800351816946,-19.915314135419358,-26.59295498565108,-30.7324560917568,-15.319618966828907,-9.649864003708512
2025-01-25,-9.072362569698237,0.0,-8.49249654070325,-5.6869604361576425,-22.35402048036546,-1.3105812388896327,-16.895318495892575,-24.904119220885622,-28.957143612958784,-14.670949330727613,-8.83683930592444
2025-01-26,-8.814865982007632,0.0,-8.2799986107343,-5.53953327627994,-24.122000825383214,-3.3726370013853653,-19.154228767890665,-26.395830516978215,-30.439055684847233,-15.759251509067088,-9.767138897817494
2025-01-27,-9.7756874623007,0.0,-9.24645601035745,-6.678873034654422,-25.815458900080003,-3.8587838432416963,-21.525452897495022,-28.360413786549522,-32.27775509849104,-16.871778406197336,-11.225140959653464
2025-01-28,-11.17891378057578,0.0,-10.64402938127315,-8.247297997230293,-29.948609372119332,-4.6029322066395855,-26.354553679591614,-33.41308575328553,-37.357256995803446,-19.45935449773113,-14.255059652608024
2025-01-29,-10.079606828549133,0.0,-9.310365599414125,-6.940753445102754,-27.8435174369714,-2.3004133255926793,-24.53170489461927,-30.745399444573778,-34.582752445351545,-18.0804322254213,-12.788785102335067
2025-01-30,-8.186840046419386,0.0,-7.286324609863158,-5.2234100079099,-24.225659516756917,-1.3167151063102867,-21.12214082352461,-26.933083997013117,-30.675794628708026,-15.647457951323934,-10.650386556602646
2025-01-31,-9.044406436610872,-2.4877900352633464,-8.134424328959511,-6.492912863284604,-24.31722623077276,-3.511270466058009,-21.225043960432615,-27.185837170596404,-30.775232258597036,-15.709873437994187,-11.069226283484864
2025-02-01,-8.485794303324345,-4.898974892347018,-7.570223456965529,-6.453051776873403,-30.70017990482142,-5.233236407899516,-27.23939966050622,-34.632836556472625,-38.47305567283027,-19.760501244141455,-15.208646808855237
2025-02-02,-7.685582568804375,0.0,-6.95459807574755,-4.998201180318454,-37.87959909719848,-8.013478997569104,-27.8623909651609,-41.23666395957759,-45.637494549584474,-24.510804146887192,-18.11272696832588
2025-02-03,-3.744418233459182,0.0,-3.2135363849204546,-1.0601001280039888,-34.68251501598271,-4.474820142664944,-20.142782483423737,-37.34878429147053,-42.316915780160805,-22.354850058490985,-14.933002909399049
2025-02-04,-2.3552307132362618,0.0,-1.8166870291429758,-0.03835076340310393,-38.65223739142613,-7.895324037451598,-24.643496980935108,-41.9460443916134,-46.639172159820774,-24.939678537696707,-18.17050733640943
2025-02-05,-4.645778444739797,-2.4377162246707442,-4.234692080724612,-2.4917433653479457,-40.285756198570134,-9.005596093885575,-27.58136949480684,-44.00763219596329,-49.031367061523056,-26.03093259485355,-18.577444974160606
2025-02-06,-3.9626846841576824,-1.0282508168905014,-3.5486534003923444,-1.4416427378268915,-42.589912622690235,-9.048377157526772,-30.351329048702326,-47.02445051755363,-52.22594796524748,-27.553506611465924,-19.98101555353352
2025-02-07,-3.3535145307586216,-2.630768588381114,-2.8533782013365365,-0.9363159500416656,-42.40892370947979,-9.086078843449005,-29.390678091193497,-46.88815859326919,-52.11071484141836,-27.39535549411139,-19.855688590002014
2025-02-08,-2.2172851688386945,-2.4283446582591406,-1.5672997055923128,0.0,-40.7033629523054,-9.143032848427932,-23.03462897753736,-44.26654577293333,-49.683003189533196,-26.172390163888764,-17.898033521796
2025-02-09,-1.6587788868768008,-3.6965086175707818,-1.0050808966768254,0.0,-41.00770138470769,-9.120920178536137,-21.248982992863436,-44.139137827905124,-50.30800129284867,-26.33757413658866,-16.462089982449335
2025-02-11,-2.6994308848313575,-6.278133295244494,-2.052650361303652,-1.4717195598872377,-41.144333023674456,-10.67081559932275,-22.328836398973557,-44.6701009026824,-50.80653513629301,-26.58079543764365,-16.876371405443617
2025-02-12,-1.8646348302442821,-7.599913939348377,-1.2123052145156228,-0.6314761438645965,-38.44991437224551,-8.724749654644597,-16.85078528119871,-41.572764906393175,-48.02815367299285,-24.60965167183447,-14.315659330868701
2025-02-13,-4.816599174865248,-8.132927567633342,-4.2887229016159125,-4.046416464543361,-40.04588656911167,-9.877374623604155,-19.260247919490695,-43.39554290992073,-49.65818306794449,-25.639537429823605,-15.81265701740057
2025-02-14,-5.848056440787462,-9.494189319353719,-5.325900511766539,-4.637013764612192,-38.22500210285206,-9.061767281650887,-17.662550059084065,-41.36320056854595,-47.71692971194428,-24.371001482640338,-14.397254292035056
2025-02-15,-5.58232262883923,-7.7929959617956275,-5.058692970437853,-4.3656089797637225,-39.66226189141182,-8.978768479308174,-17.967621960753064,-42.90763151137631,-49.66930656678832,-25.29952033292985,-14.423797573725663
2025-02-16,-5.2970523709984585,-7.420928925490407,-4.771840636318304,-3.911731993911675,-40.18510220898989,-10.363239567336885,-18.027717847966585,-43.78205341185312,-50.6291533378952,-25.75177166524168,-14.753906846979941
2025-02-17,-5.653374017786205,-10.099051133763085,-5.130138402275501,-4.343366829349115,-40.36242195068937,-10.661788903329763,-18.87694844306822,-44.28885853796751,-51.19558581704832,-25.943499057573504,-14.912951695257085
2025-02-18,-2.2852810964078816,-7.925245674874988,-1.7433664221129686,-1.2347704677583933,-42.37817857056434,-10.816009658346037,-18.816104376135364,-46.80049783597104,-54.117558931246165,-27.473588824674195,-15.42621926577567
2025-02-19,-1.486551191745214,-6.053265225714506,-0.9582615042023032,-0.6608035521876483,-41.08580303667763,-9.871539762481381,-12.966806570745435,-45.787629148369916,-53.54352609718741,-26.625190046283215,-13.74944271940447
2025-02-20,-1.138967867092156,-5.997826022742492,-0.6088142240366071,-0.5224759985607815,-38.521637376821786,-8.313689321357396,-9.545457223403533,-42.70909861353501,-50.516185201040955,-25.008807037317553,-11.838648945873782
2025-02-21,-1.0092865515946077,-5.201795778681402,-0.47843747758548,-0.5874599765903232,-40.680620994036126,-10.366754543737104,-11.378615761726806,-44.72494964635246,-52.32519456498023,-26.58719750627554,-13.529859304243741
2025-02-22,-0.8605488199866571,-4.211079402236708,-0.32890212280314646,-0.403142275144144,-38.900214050859525,-9.962460626246104,-7.5021459965926365,-42.40299143797732,-50.17736788810293,-25.18366413497235,-11.738703205153046
2025-02-23,-0.02195377777950584,-2.990794796389674,0.0,0.0,-39.42568345886672,-10.237167869856673,-8.165585745656905,-43.074011903080695,-50.89495080918023,-25.53858628953296,-12.00236387187061
2025-02-24,0.0,0.0,0.0,0.0,-45.88857060518512,-14.606682485598368,-16.406845592072443,-50.48791993681174,-57.867165103487416,-30.74415490357933,-17.41720475642058
2025-02-25,0.0,0.0,0.0,0.0,-44.89210944436137,-17.3257178654406,-15.155761432605408,-49.36763242860646,-56.82460166723591,-30.01588362529673,-16.603240721290042
2025-02-26,0.0,0.0,0.0,0.0,-45.21677418234162,-21.51234503390946,-13.034829291179301,-49.27046885013642,-56.73664433486565,-30.373045566228562,-16.526420610047516
2025-02-27,0.0,0.0,0.0,0.0,-44.58852492687835,-21.026305666095666,0.0,-48.138938918433055,-57.54185110124198,-29.82552937894154,-11.009976039296127
2025-02-28,-0.6650431951461118,0.0,-0.634098309612726,-0.7090313508918172,-44.83325784594433,-21.33143599125739,-2.277271538163027,-48.723412364617154,-57.40449590888823,-30.034039440669346,-12.520430997678545
2025-03-01,-3.330128619436834,-1.3020615725643705,-3.3000139629189364,-3.1893918166970048,-45.10807808683594,-19.747712401079546,-4.815881056497321,-49.40986135352334,-57.93765620851292,-30.21313634946524,-13.310652119236993
2025-03-02,-7.589625399280779,-1.7476099028606702,-7.560837663763522,-8.459839856583951,-39.027944096158215,-12.01889019231297,0.0,-42.62531334871974,-51.718645379980856,-25.415476087173804,-8.206177455398244
2025-03-03,-8.506167282218586,0.0,-8.477665068380363,-9.230600260070256,-47.43778638083301,-19.614303833998264,-13.51501552823246,-52.414448662388615,-60.60778719583656,-31.45960677111106,-15.119747871592265
2025-03-04,-10.889877256313051,0.0,-10.764440979774172,-11.759980588330295,-48.000227422777456,-18.598979179370634,-14.298828269991807,-53.57491406232096,-61.602784193814344,-31.89652577458397,-16.052120216628758
2025-03-05,-8.748571273538738,-0.3293127318150387,-8.620120777726676,-9.850165257222221,-46.025734800036524,-15.477421658590043,-10.877149451068123,-51.55946548364238,-59.95116180122822,-30.442287062974604,-14.11438664855541
2025-03-06,-8.192541526328304,-0.8511848561050882,-8.063308332670164,-9.632151254258437,-47.096356019072886,-16.11115511088064,-12.841184854014207,-52.98084680382268,-61.24542566869662,-31.200491921189677,-15.104128022384652
2025-03-07,-7.644369104974732,-2.6869369975630955,-7.676562793993725,-8.828680621561706,-48.323525515526704,-19.064650554788088,-12.938358792196322,-54.405690820912625,-62.581181221487626,-32.08058239443206,-15.985958222613611
2025-03-08,-7.335053740181535,-1.7428959285436614,-7.367355251566804,-8.215190841787031,-48.667875036934724,-19.55808227735886,-10.084441541732572,-55.00863578204355,-63.28409647624357,-32.342605084286596,-15.996728277512787
2025-03-09,-9.593916051730984,-0.23814604335624673,-9.625430160008397,-10.506673131609801,-53.45504724603486,-24.68362351011393,-15.25658532982313,-60.07381156915799,-67.70880836538497,-35.8838415457495,-20.17550972120071
2025-03-10,-9.782790849291942,0.0,-9.814239118849638,-11.023111618498975,-55.90908539517295,-26.705566717874657,-22.67415669578931,-62.9090274615654,-70.22053699215215,-37.75174875551123,-22.41246282251685
2025-03-11,-9.061030700886578,-0.5820104832165617,-8.964235403471884,-10.233247000016739,-53.688947547096156,-22.660381355932074,-17.909414753527937,-60.60801851046678,-68.23210387997524,-36.01912806097245,-20.445343271081725
2025-03-13,-9.141512922661327,-1.457232124032989,-9.044803290398255,-10.372955898444848,-54.60783090733804,-25.045102119421987,-18.138520560875293,-61.70567946453832,-69.27464675484605,-36.69037544193721,-21.13189351655799
2025-03-14,-8.62853996883464,-0.25506687536806044,-8.453412675960408,-9.660282657962359,-52.792034118152976,-22.36697247899653,-15.305571892326816,-59.71030979511668,-67.53742393694544,-35.29981596744303,-19.381964540536902
2025-03-15,-8.504660079903456,-0.41640600692790275,-8.068068969979656,-9.20559121041753,-51.51734698707201,-22.03486699131104,-12.986946938410654,-58.28780192043671,-66.25689831323734,-34.34057884763029,-18.304587714470966
2025-03-16,-8.688895551780755,-0.7677562698743313,-8.240378963705428,-9.172917383022135,-53.5336340405802,-23.679409355639642,-16.275729572660378,-60.43075373691899,-68.14430832210964,-35.82788228194418,-20.015862325479258
2025-03-17,-8.350905199721185,0.0,-7.898040280205519,-8.836718649957152,-51.528776293173216,-22.348877833387682,-13.787179809642328,-58.648385146010554,-66.57096935236989,-34.32566320375878,-18.592847507287185
2025-03-18,-9.17716196127991,-0.3049497611333265,-8.513411617770599,-9.584762772212311,-52.05389776968234,-23.54461803568656,-14.422048548893581,-59.29172563733351,-67.24593762177794,-34.68471370247202,-18.804638005236047
2025-03-19,-6.974366431204358,0.0,-6.480830164240101,-7.279298297503549,-49.9455486927758,-19.729934196813552,-8.294687534730784,-56.80181004156096,-65.13255540765783,-33.0889400027762,-16.46726704748777
2025-03-20,-6.890173240389153,0.0,-6.3303158211187895,-7.212988446193824,-51.419296783299274,-22.194883549922384,-9.573998169194313,-58.53935425731008,-66.756565142478,-34.17807537733762,-17.579250434706683
2025-03-21,-7.021767795408891,0.0,-6.844848850006365,-7.340635944722583,-51.84556036223701,-22.307603340682498,-6.645147858090869,-58.70079512439407,-66.88607805303616,-34.533974807947544,-17.748287176592484
2025-03-22,-5.793339065385148,0.0,-5.45707106826128,-6.08997483167915,-51.090464927197765,-22.514595642457685,-5.533026081759972,-57.8833130702342,-66.23208104371776,-33.95674013610462,-16.87007353765732
2025-03-23,-4.474615100320057,0.0,-4.016444849461715,-4.744809004244482,-50.47809769392927,-20.436850707955394,0.0,-56.676137449964955,-65.19413651306796,-33.46487272106391,-15.79383637467052
2025-03-24,-4.088323629540764,-0.5276781938230575,-3.6283006014310533,-4.359610160316714,-48.604353121884294,-19.130398188702593,0.0,-54.48602957642559,-63.297800038803466,-32.058736250973915,-13.925467130179609
2025-03-25,-2.50978080898384,-0.3862668792181063,-1.7993202407432556,-2.521447853552937,-47.85719792290133,-19.212064878269523,0.0,-53.49510633223081,-62.47820883430465,-31.494861966364457,-13.012206877589087
2025-03-26,-1.3675993344929833,-1.6143886646607133,-0.7402855055234348,-1.6660365371022543,-48.520950419401515,-19.668541994725796,-0.6717485762380466,-54.03600389543228,-62.958309495110555,-31.975280224110303,-13.400999422041037
2025-03-27,-1.5255978459479493,-2.30344684817976,-0.8992889063506896,-2.036143731460378,-48.207677686878384,-19.404362604597836,-1.1234499551413044,-53.92528326956866,-62.88501547384282,-31.754228725421445,-13.250010433650901
2025-03-28,-2.1083590545420052,-3.830109219616868,-1.4857565457187247,-2.9823202327614395,-51.32535098111606,-21.991759254139822,-4.923732094274025,-57.5719047283324,-66.15954403984036,-34.130864614541764,-15.853501882312981
2025-03-29,-3.245114547240497,-5.976693174052703,-2.557093459924792,-4.560837083776286,-53.57369014720156,-23.60056895849762,-8.689088468369622,-60.10611528147707,-68.375182837603,-35.83547375563448,-17.878858913505002
2025-03-30,-2.813235769693695,-5.613638532010621,-2.0544842101740675,-4.1284038695941705,-53.7412702977862,-23.845864447090253,-7.195917477306614,-60.248941841850325,-68.50579893384418,-35.96390168305631,-17.975792039907585
2025-03-31,-2.1524187256691696,-5.232018943563414,-1.3885080689547629,-3.624766139061286,-54.09491031664678,-23.715035966841338,-5.714289223524113,-60.6378534652413,-68.89578707225124,-36.22275390134633,-18.138983314649295
2025-04-01,-1.0494449852455316,-4.153409611289305,-0.2769232480791355,-2.742283550822839,-52.76978916235381,-21.293791110076054,-1.8449738882915359,-58.85252591528513,-67.38311931599804,-35.15692675525746,-16.54156082338536
2025-04-02,-1.6360540413985054,-3.9605770165348155,-0.8681120486006879,-3.358689453996442,-55.66670962499698,-23.75193989089531,-4.933572794550811,-62.171685454410486,-70.29085367495611,-37.42635902591468,-19.046445497810847
2025-04-03,-0.8262112880277844,-3.962876301036878,-0.2411819132482287,-3.0301743573828053,-55.254052218975716,-23.144366203042516,-2.995723519001398,-61.72091072017627,-69.90220040265748,-37.09367478896534,-18.671771281601224
2025-04-04,0.0,-4.035486242247089,0.0,-1.016451957288048,-55.072332768472585,-22.511014236191752,-1.7016542262186,-61.29472445792741,-69.45346778073915,-36.94790965313025,-18.57764786942359
2025-04-05,-1.6445195507352846,-3.318582404141691,-1.6445195507352912,-2.1008633030394654,-55.39290839420355,-22.82343418480489,-3.252788850451126,-61.840380470952006,-69.95634720576098,-37.2112420387366,-18.941697368305977
2025-04-06,-4.673588882022985,-4.557185089892226,-4.875725043758759,-4.799501516822007,-60.01206507925667,-27.575336666046894,-13.504149252183645,-66.57450823579572,-73.86633640585762,-41.19201266530624,-23.80626891747412
2025-04-07,-3.023895982408968,-1.8558035206918333,-3.229530257488776,-2.842085863912066,-58.978985594986014,-26.86332243518504,-9.542658241643153,-65.14634699570784,-72.69967903065772,-40.289842581467525,-22.355874207200408
2025-04-08,-4.605072467265099,-3.159146973795115,-4.807353915547716,-4.387172399351043,-60.623436972371415,-29.527249473369622,-15.00764686858811,-66.97644114470899,-74.25190842460702,-41.723610290880515,-24.015355820377707
2025-04-09,-0.6138860169931966,0.0,-0.8246306298948073,-0.7777328441300249,-55.896808759771176,-23.67545482120169,-5.3301524917653,-61.95143986350371,-69.94801459825445,-37.548529285253885,-19.606066001695368
2025-04-10,-1.0695247204943101,-0.4581163068542842,-1.3443353763480763,-1.3570975873255806,-56.959464239459855,-26.472138187564624,-6.556042139481182,-62.95380140260196,-70.8546408402876,-38.390676885094486,-20.288213119375005
2025-04-12,0.0,0.0,0.0,0.0,-54.696980818313115,-24.803961062953494,0.0,-59.920077928170855,-68.31095175239369,-36.581013770669934,-17.51602078925856
2025-04-13,-1.9805076990780268,-0.7123126290976797,-1.5013113758528704,-1.680264093787796,-56.86694865826758,-26.18095100320039,-4.077432924953928,-62.055960464237224,-70.04962522645137,-38.26401753295525,-19.526288975124626
2025-04-14,-1.2849066631242838,0.0,-0.8990648027425857,-0.24781322449910706,-56.76695369953171,-25.41772705485339,-6.090718275305699,-61.761196550447394,-69.52531299530604,-38.185346337593714,-20.130698554048855
2025-04-15,-2.2967010857031838,-2.0128138871354766,-1.7855035649154072,-1.3123450776537904,-57.865376359210465,-26.24223090836634,-5.117984506552014,-63.242762389683584,-70.96859280965211,-39.048499168449716,-20.957376459270694
2025-04-16,0.0,-2.36429239028034,0.0,0.0,-58.00140414576309,-25.895203977173146,-3.9148829180007527,-63.20770457280722,-71.05764574489608,-39.157580773167155,-20.517593141113814
2025-04-17,0.0,-3.869460313526908,0.0,0.0,-57.51407717634252,-25.115047520658834,-3.2432368700412684,-62.555558181083995,-70.4948330473333,-38.76553147477688,-19.92608221714134
2025-04-18,-1.3898795295464788,-4.255983124390349,-1.3898795295464779,-1.7156551256577006,-57.13341963788384,-25.554829884258503,-4.407382570972128,-62.43345673182999,-70.38945983419772,-38.45962576012935,-19.81695508766419
2025-04-19,-0.3300476801551436,-3.5537501029077205,-0.3300476801551535,-0.6812569897818854,-55.940343863172295,-25.006565196266063,-1.7082147677911095,-61.163204096330524,-69.33010612033321,-37.504039641978274,-18.607330035776037
2025-04-20,-0.09305274169139689,-3.840779847102792,0.0,-0.3064117063159469,-55.982744653330286,-24.918693568058874,-0.5492515907859702,-61.15280569055622,-69.31399067084921,-37.53745274589511,-18.6212949852788
2025-04-21,0.0,-4.1517130231257156,0.0,0.0,-55.56901410069972,-22.840259915870785,0.0,-60.4317054302283,-68.70184039434018,-37.211292147859766,-18.003796988588157
2025-04-22,0.0,-1.5913974424619128,0.0,0.0,-51.73077016625391,-17.5981077443008,0.0,-54.98409789758527,-63.942469498811896,-34.18877120727432,-13.641813409884302
2025-04-23,0.0,-3.9821553719936555,0.0,0.0,-50.62258666601569,-17.370896652854263,0.0,-53.4933798979782,-62.594600053171824,-33.37124499698329,-12.663269337149613
2025-04-24,0.0,-3.1610015175644595,0.0,0.0,-49.879073845671236,-17.11666830762823,0.0,-52.501065094237006,-61.73026445043319,-32.8252548150268,-11.933102241256528
2025-04-25,0.0,-1.786448710023962,0.0,0.0,-48.54223744335843,-16.49810292079163,0.0,-50.61809985083333,-59.93884100334961,-31.84714329590257,-10.939136748175475
2025-04-26,0.0,0.0,0.0,0.0,-47.656521600648354,-16.547365673328297,0.0,-49.17595466779133,-58.642048448888985,-31.206230856848844,-9.99349512989288
2025-04-27,-0.44366325497636455,0.0,-0.44366325497637216,-0.6994664581740336,-49.0548034975635,-17.325355809137488,-2.5757541775145203,-50.40475802108985,-59.67352385129213,-32.20906021524011,-10.967301514250588
2025-04-28,0.0,-0.5059359777131804,0.0,0.0,-47.80163112663268,-16.213755718612692,0.0,-49.15221414447578,-58.66929381281446,-31.246818852757325,-9.674915610531691
2025-04-29,-0.6475622083786309,-2.0903738823770985,-0.49741513787563846,-0.4156903669833683,-48.75016935842058,-16.867018293151258,-2.8995360080997297,-50.51596774948797,-59.869224674007846,-31.973248042847302,-10.610760032931827
2025-04-30,-0.417980777487315,-1.0909529544491956,0.0,-0.21478366127716045,-48.625500559232485,-16.944403390765835,-4.299052983115642,-50.15595036063152,-59.52706120629012,-31.887980018077037,-10.425294515785897
2025-05-01,0.0,-2.4807838925307593,0.0,0.0,-47.73553795715279,-14.903251325828967,-3.2372590459934125,-49.02263293370858,-58.52338615379843,-31.209646265317204,-9.64786180376876
2025-05-02,-0.6996035200990705,-0.6829986176207039,-0.8146760642908525,-0.2546393734745915,-47.46562389119889,-14.528056077604223,-2.143159436073972,-48.53883920317153,-58.0586441402107,-30.99219295999609,-9.401052218920668
2025-05-03,-4.454188053470351,0.0,-4.457723396238211,-4.026048164976186,-49.689539907585065,-15.43133069598548,-7.58254736322404,-51.475277965995915,-60.51208609173515,-32.60770653293606,-11.846096587019014
2025-05-04,-5.074423210148986,0.0,-5.03948159545617,-4.5775501876340705,-50.34714921368828,-16.708404044034978,-8.059830197061833,-52.18746606224305,-61.20554306211421,-33.165561952116576,-12.159112546489204
2025-05-05,-2.8101512236110295,-0.22949872039702665,-3.0804002169554825,-2.694774352078285,-50.29941200934107,-16.370471707376378,-5.929328188386619,-51.72773358015357,-60.82645439871275,-33.10578562971278,-11.714797881229291
2025-05-06,-3.7938163687303073,-0.7261458985387453,-4.152096290088822,-3.9237862829209704,-50.59926273349254,-14.603576036562343,-4.905367662415756,-52.00517758221419,-61.03218000927739,-33.35688144817066,-12.047909666298217
2025-05-07,-3.747763545874182,-1.9551111188259565,-4.076631521836867,-3.705833910913402,-50.36356493290487,-14.420949775786971,-3.506553202146333,-51.58042708673916,-60.638441106332685,-33.14127082217237,-11.770128726590684
2025-05-08,0.0,-1.14210491101048,0.0,0.0,-44.55304071572282,-8.962662214882211,0.0,-43.6663462596293,-53.80042802605492,-27.891322261500694,-5.222339377286255
2025-05-09,0.0,-0.760765259238644,0.0,0.0,-42.108643707556475,-9.21213693954732,0.0,-41.031581920668195,-51.6667005152054,-25.919977853700786,-2.936731237236562
2025-05-10,0.0,-0.4828174121152841,0.0,0.0,-37.766322360758565,-7.6236630724703005,0.0,-34.91001689076064,-46.362533757866515,-22.495776825569454,0.0
2025-05-12,-0.10019098915884048,-0.9789077065388545,-0.20792957431457582,-0.3194005436444071,-37.519397642023826,-8.81028730999155,0.0,-34.54095910837898,-45.9745706113321,-22.306468807240222,0.0
2025-05-13,0.0,0.0,0.0,0.0,-35.77681485117674,-7.641454142729573,0.0,-31.821019747680413,-43.58488203616377,-20.922079583370532,0.0
2025-05-14,-1.1777586970469547,-1.364167177264452,-1.100677884324904,-1.0153283111314948,-37.77134741164988,-8.167880117111718,-3.0251679838235885,-34.578215941152166,-46.08371671743938,-22.51260072517594,-1.7885937415662885
2025-05-15,-3.887707616167769,-1.692447106735418,-4.56544832775945,-3.5800438645890615,-40.383329338932576,-7.933788168071981,-7.841495012743506,-38.168151205773114,-49.18563121016669,-24.606129811871398,-4.462469005571747
2025-05-16,-4.63130699354966,-1.3456158281779607,-5.28182892065565,-3.90221531892406,-41.16273928554838,-8.180238756061645,-10.450482240236866,-39.67870969503105,-50.57161711392965,-25.24190836246376,-5.394298356463468
2025-05-17,-6.034624416107973,-0.9837259703016107,-6.867464140792166,-5.316261073992663,-42.674786032540624,-8.497322564038576,-13.847008901327673,-41.88817813000698,-52.4851707888392,-26.48671324170573,-7.101104283432344
2025-05-18,-3.2947016308034485,0.0,-4.15182600846741,-2.3736353555748244,-39.931563989870604,-5.5251231111322125,-9.503400762535067,-37.40986404496098,-48.48921763976527,-24.20446019826769,-3.9659699149752474
2025-05-19,-3.757211025215205,0.0,-4.610236061027853,-2.710662938249623,-41.4148702287183,-6.323795206890967,-11.0354202604746,-39.54080630147557,-50.45272101361241,-25.41226510300474,-5.275606810116291
2025-05-20,-3.5365501257579175,-0.45905952929146643,-4.595405803721178,-2.5075755884078554,-40.94483138080331,-5.2017590651063035,-10.75823772664753,-38.85504193551531,-49.872436704656785,-25.018704534981378,-4.738160652000876
2025-05-21,-3.3930982567109864,0.0,-4.453528570728144,-2.3295238575186508,-39.44155224488841,-2.702985430268836,-8.509143996463528,-36.65530695036665,-47.905713999487006,-23.768345994989364,-3.1967218532862773
2025-05-22,-1.33367544897776,0.0,-2.468434076608481,-0.3003005745635155,-36.46994544361835,-0.921015828697371,-2.6725594920578577,-32.251959070756655,-43.99963238563772,-21.3228471054909,-0.04658340649602163
2025-05-23,-2.422115373303304,-0.6021345867847172,-3.5363132775516384,-1.5393759329453804,-40.81790548511352,-4.770969675749235,-7.415948194095949,-38.10561460613143,-49.25623488670887,-24.758567356390486,-4.03517431746424
2025-05-24,-1.849715554446845,0.0,-2.983302150760218,0.0,-40.59482059000391,-4.483276697164654,-7.768077552447057,-37.7925602261122,-49.04171541581562,-24.530881577404635,-3.6531106164930827
2025-05-25,-3.9961964085761226,0.0,-5.226706111769977,-2.134969109297725,-39.91218928351128,-3.3071522219201053,-6.63092948934428,-37.350091228932605,-48.681533737643,-24.19782428417755,-3.224574794679359
2025-05-26,-2.87580373707385,0.0,-4.116693490353802,-1.250922961745975,-39.9757191695397,-2.8830735405409866,-4.880423719264922,-37.50431953075212,-48.96384311549205,-24.22697233769389,-2.962570947291316
2025-05-27,-2.3152222719045716,-1.3821047898101808,-4.264221636316637,-1.2418320611633207,-39.223700891958494,-3.3398956045792474,-4.11925562222992,-36.33478225097445,-47.82520151631629,-23.654523109518394,-2.367990036544034
2025-05-28,-1.4308185651039536,-1.4029810533869564,-3.397463485993979,-0.7324702996171355,-39.55513541935057,-4.359723998877518,-2.5958402075600944,-36.75686674230916,-48.34758655110817,-23.950822582908476,-2.2939035334897957
2025-05-29,-0.7661073843411564,-0.5185782884359782,-2.6058231635881017,0.0,-41.2394031969091,-6.319130275392175,-2.228600835369517,-39.06697179096118,-50.49146566392439,-25.22243706811848,-3.6771696540264616
2025-05-30,-4.935040307360224,-3.1031829694490507,-6.697467455888987,-4.429803918152342,-45.82642692847483,-7.710335468441956,-13.116857653695874,-45.472125963019046,-55.95617246925085,-29.02966497454446,-8.95042753986296
2025-05-31,-4.521085429269609,-4.9476095269635945,-6.338549289774139,-3.987720781084899,-45.23445820858961,-7.190221587984167,-12.08927606315111,-44.43871037163583,-54.96589490073127,-28.530665993566,-8.369111446072981
2025-06-01,-4.451211147571193,-5.005708821445155,-6.3324621301543065,-4.013938154825192,-44.41687517228874,-6.261976926627928,-11.907902745801726,-43.31693221566063,-53.93375945327009,-27.870476370316016,-7.6261634790143376
2025-06-02,-1.9167426800619198,-4.063128354348545,-3.847894570360271,-1.2439050613719342,-43.589767896598545,-6.052658153801734,-9.693026713464262,-42.280167566535184,-53.17249398925771,-27.19598641094833,-6.4055487810846286
2025-06-03,-3.0218575777020606,-4.5245750433880785,-4.903938838217448,-2.6731705047846397,-43.68712986981638,-6.466845086092706,-11.870830315235093,-42.63291284621581,-53.43912734332622,-27.2804752838255,-6.815558716640077
2025-06-04,-3.6026295415152823,-4.105715685862525,-4.678764638547071,-2.3545808501111316,-44.828366827859014,-7.0997779390052695,-11.47926247220542,-44.5740336850966,-55.41979577469356,-28.229190121369317,-7.621500953176094
2025-06-05,-1.8733949012196585,-6.456831929737082,-3.09668210818584,-4.380858129747858,-47.41147144337865,-9.852836370267868,-14.633051642039218,-48.027039588413956,-58.58641033766202,-30.37972373022001,-10.113490229358
2025-06-06,-1.7226483167178688,-4.714645211605731,-4.551069165059468,-4.23396362508806,-46.312963253718884,-7.3950906095079665,-18.71098310852299,-49.74934711468449,-57.2802234837253,-29.458477318196923,-17.19135396292035
2025-06-07,-1.6007046420147708,-4.219842481992689,-4.294911301350429,-4.001837634547645,-44.85175451735676,-6.331595939684988,-17.85046231945332,-47.99952317900282,-55.43974248949291,-28.293565963614785,-16.707804310639705
2025-06-08,-1.5735363945817211,-4.30046484070723,-4.364937227250239,-3.8329300071606585,-45.026428766868406,-6.157542442592767,-18.23659590562323,-48.22404428490216,-55.60457080368495,-28.461335825550943,-16.989820281698307
2025-06-09,-3.226674658284115,-2.2013551436636796,-5.946861395954751,-5.051910568606685,-41.93179003084827,-2.1659867322604365,-13.591144196711502,-44.01121936374777,-51.39396951831421,-25.731059005527392,-14.312493287945086
2025-06-11,-1.6121781937427253,-2.156780972133655,-4.5573754613864255,-3.7691389197198326,-43.81240987875864,-3.5794655843276924,-14.58356468986721,-46.49516948797876,-53.926369870693,-27.379747691807065,-15.974468777805662
2025-06-12,0.0,-1.3976151052162427,-2.856348424685123,-2.010332372168673,-46.449346865975436,-6.145857627781681,-13.50387019693814,-49.580696292370384,-57.20438867188772,-29.832508021800567,-17.719379842755817
2025-06-13,0.0,0.0,-1.126283853010501,-0.08804755588272958,-47.34856102628636,-5.829797114595967,-13.021488145805884,-50.64071671770159,-58.3210713349178,-30.697534736532013,-18.300314900160455
2025-06-14,-1.2112750295044041,-0.8208433959895348,-2.323916487442055,-1.2982560873286515,-48.39498366672398,-6.419431926672649,-15.660880736115518,-52.16422352907978,-59.73071464491522,-31.748836228013992,-19.58191391194848
2025-06-15,-1.1598884270723606,0.0,-2.3108608165340874,-1.24683100071637,-47.949119206789725,-6.283951091346189,-15.9483086064521,-51.60574707057176,-59.258577296942796,-31.31284335417647,-18.98471642741144
2025-06-16,-1.2176961358696377,0.0,-2.44595670104108,-1.5768602687586362,-47.8114710120819,-5.238584873485147,-15.763651198822021,-51.624537912516665,-59.29694848199232,-31.188990845701813,-18.92545329501742
2025-06-17,0.0,-0.5810251377301378,-1.0042555017781685,-0.1223151388258682,-49.739374134794225,-7.183159288500293,-17.98022661145692,-53.90181164564286,-61.478085732070255,-33.066528704239644,-20.97895600721412
2025-06-18,-0.4306942325442987,0.0,-1.2060299356874078,-0.32588715523100104,-49.31673521738754,-6.874921992430201,-18.317521990647325,-53.250245248005776,-60.80604167541266,-32.65599717323964,-20.57025745281175
2025-06-19,-0.4017891439928158,-0.4902921144537071,-1.2039768809993716,-0.43186106361017523,-49.68530216522137,-7.093108829746036,-18.89895810933207,-53.88072542295424,-61.409885232612815,-33.01576574742996,-21.15864030318963
2025-06-20,-0.39886515927209054,-1.0188823451511124,-1.2010764467487227,-0.38341365298735197,-51.31178961073432,-8.316354121345721,-19.4587802885711,-55.82080672860871,-63.30889040549824,-34.612838192945254,-22.822418956736307
2025-06-21,0.0,-0.9690238719898875,-0.7929012792856835,0.0,-53.130954176519694,-9.347915887120163,-21.724138607424514,-58.01403642564807,-65.36954770538338,-36.39926609383243,-24.996165100447453
2025-06-22,0.0,0.0,0.0,0.0,-54.442637881736964,-10.301992152385385,-22.028355636538496,-59.23310323375984,-66.5046200088977,-37.698760800708584,-26.26798013246725
2025-06-23,-0.9706128890337751,0.0,-0.9706128890337762,-1.11582101453519,-49.921116667555495,-6.43728116052623,-18.869705633526856,-53.99476274287787,-61.59553093547224,-33.28583094263633,-20.92719813009407
2025-06-24,-2.6004353562668316,-0.5198377129376448,-2.477013622901047,-2.1407191767374654,-49.40663178327809,-5.815266641030954,-20.92818139709949,-53.425737507827385,-60.80872067156658,-32.788294239457386,-21.36751688829801
2025-06-25,-3.1701609910697113,-1.4203675160054121,-3.0474611965097873,-2.624445844060843,-50.60580918795472,-4.6909137463146,-22.55640924663117,-55.06640222428993,-62.40612323943472,-33.92271985374389,-22.75424632319718
2025-06-26,-3.451873611884044,-1.3629939261932722,-3.329530794894795,-2.9096046554849107,-51.54828834071276,-5.03675161834831,-24.34310870284934,-56.02804772593588,-63.21059389413204,-34.84629006896224,-24.0390812702504
2025-06-27,-2.7510879983389707,-2.2135700882232507,-2.656288735564782,-2.691219530713982,-50.97675667463552,-4.969120024489413,-24.30976805688971,-55.41983208987911,-62.66903232710253,-34.29616116793301,-23.359190677056098
2025-06-28,-1.5090054644757882,-1.3556765920866023,-1.4129954065770853,-1.318330358678784,-49.85464916094169,-4.763936813167609,-21.068784876889023,-53.628275331630434,-60.95932059971398,-33.25857462249413,-21.842805083104974
2025-06-29,-0.45965166177596173,-2.1261895596362637,-0.2787190946869466,-0.49548390111371504,-48.21302124032082,-3.8327349759298452,-19.679938338385924,-51.35335276843749,-58.76686984588686,-31.73139166595997,-20.058756577647344
2025-06-30,0.0,-1.7288771266046599,0.0,0.0,-49.64764661190186,-4.876324097483616,-21.3008965810951,-53.26318721494775,-60.58864398034116,-33.10819795943926,-21.550784955303588
2025-07-01,-0.3658882415446608,-1.6284118049723992,-0.36588824154466815,-0.5357836107159968,-51.48274223975445,-6.176900269991643,-23.130168607740913,-55.53395411943978,-62.728754746757566,-34.86991968402172,-23.444576500012932
2025-07-02,-0.4427484081943409,-1.700706415207645,-0.4427484081943406,-0.27441746154196395,-48.6899791002484,-3.3936011080421746,-20.370969242736525,-52.078861750056795,-59.43474713923047,-32.26261262266774,-20.566782172713385
2025-07-03,-0.4435354176449348,-2.2930253648252656,-0.4435354176449381,-0.27520580166454545,-48.43031829979969,-2.730437617746231,-19.75701817651587,-51.471385716399375,-58.78075259909298,-32.01497078734258,-20.318694648485998
2025-07-04,-0.3582294170536053,-1.586758800334369,-0.3582294170536108,-0.3123204904513761,-50.24992620996027,-4.1382038763259095,-20.82798745779424,-53.65000397198272,-60.822315059945886,-33.68511563258146,-22.0387736739618
2025-07-05,-0.1334316376998789,-1.6156870958344556,0.0,-0.10731711559976273,-50.17360044830429,-3.9687327883329875,-20.336199364190005,-53.61624981491225,-60.79983536353307,-33.63610508976337,-21.98362341856769
2025-07-06,0.0,-1.6117626600448667,0.0,0.0,-49.24697814601024,-3.08519420172697,-17.634912331753416,-52.281551057626466,-59.553797766902896,-32.782362720934124,-20.838787804096587
2025-07-07,-0.12725169462455457,-2.2837682403777504,-0.12725169462457414,-0.18117532157261895,-49.932179287726456,-3.9309897927843918,-19.194768326230076,-53.319620279300494,-60.51823531806272,-33.39535286802965,-21.676985602595263
2025-07-08,-0.739408433582357,-2.4251250996621123,-0.6710305847110578,-0.8172859384357556,-49.17527202076253,-3.338560013934635,-18.50168445015301,-52.53240519959811,-59.76438643048682,-32.66491561452329,-21.0627122764751
2025-07-09,-0.6901350178278739,-2.3703127395088384,-0.6217232258768248,-0.8137175840415811,-46.87637155978261,-1.2825298378452037,-17.9063943605245,-49.80752547593136,-57.04349299616436,-30.647644311654282,-19.243205360747005
2025-07-11,-0.40569428720426326,-0.07470436189983204,-0.3370865519791991,-0.529630815387735,-46.25585275123053,0.0,-17.44977433241478,-49.46059883886273,-56.85666658265194,-29.993317205792845,-18.556100946105538
2025-07-12,0.0,0.0,0.0,0.0,-46.42867592089432,-0.05287182909905108,-14.559584305006432,-49.77254479513916,-57.25465806258253,-30.200583615084426,-18.501722941357578
2025-07-13,0.0,0.0,0.0,0.0,-44.662192926029896,0.0,-9.919488691478128,-47.54650062463522,-55.32810712985605,-28.381379156576326,-15.926115233863872
2025-07-14,0.0,-0.6774027395081308,0.0,0.0,-44.23479449639123,0.0,-11.437056586356489,-47.349827017987145,-55.11585325500531,-28.00461067911524,-15.843227144188212
2025-07-15,0.0,0.0,0.0,0.0,-42.850680528601146,-1.7390033680578392,-8.053736727722994,-45.18690081985064,-53.09587194995801,-26.583754304359523,-13.840561164345253
2025-07-16,0.0,0.0,0.0,0.0,-41.33950681988976,-0.9666028127387856,-5.315730685206669,-43.1040425807759,-51.15852701351575,-25.051473775772624,-12.021817661676677
2025-07-17,-2.1816903201742393,0.0,-2.239751862951503,-1.7544726611068078,-40.421017582996384,-0.516331025241049,-4.603433144502171,-42.652957079996426,-50.86958698615602,-24.057011632335808,-11.270854525340331
2025-07-18,-3.241301759938979,-1.7136309734514261,-3.244118645815867,-2.8187119125798,-40.402233658396895,-1.5585464085937706,-5.457611310003267,-43.39459215662163,-51.67923139129697,-24.030498177749138,-11.550750472898825
2025-07-19,-2.184391625672247,-1.6241652006690124,-2.179278880932144,-1.7571857644514184,-39.110428259124404,-1.613866504078969,-2.570374832458815,-41.72085261728895,-50.154518667515354,-22.69450622969256,-10.037921950447561
2025-07-20,-1.3899847077765832,0.0,-1.153052055485301,-0.693098589702351,-36.742217515823526,-2.115448049591302,0.0,-38.89672702012441,-47.73809479228026,-20.20295171708497,-7.085494885195947
2025-07-21,-0.3028537071383114,0.0,-0.06330897907962199,0.0,-35.61506650726522,-2.0234955900464446,0.0,-37.34711172788038,-46.39778447624045,-19.0776716065675,-5.483248694713681
2025-07-22,-0.5007700011228242,-0.38931174491228293,0.0,-0.1985175116278005,-35.15171362703287,0.0,0.0,-36.854886587965275,-45.95071343396279,-18.680232689001667,-5.033760996012654
2025-07-23,-2.8281421068604256,-1.103822677247009,-2.030655123447284,-2.5329595616549065,-39.44246167073026,-0.9846501193914007,-5.834540838756892,-42.44665001417703,-51.08855897047134,-23.05305718973103,-9.920024557478097
2025-07-24,-4.518233136815762,-2.1747092518375295,-3.8535375784078534,-4.2055858572487965,-40.651505225271556,-1.3405042134249991,-9.841671348221864,-44.42714416117009,-52.88214629817192,-24.25753497791349,-11.697647405359605
2025-07-25,-2.7546880353128125,-1.3839378545302126,-2.077715571747703,-2.320635115396639,-39.232430098567825,-1.9647148553742018,-8.605490221318398,-42.38503566566522,-50.977449439349144,-22.833595849619385,-9.930664446862611
2025-07-26,-1.909177998189575,0.0,-1.2263195232452244,-1.5134702534327942,-38.700095065474734,-1.6980415271399665,-8.168597161375303,-41.82316330228416,-50.49026466078909,-22.295324904744998,-9.341069720975703
2025-07-27,-2.076208598952851,-0.4871264388191353,-1.7061184064956672,-2.162017991451265,-37.18883685057307,-0.4528947945039822,-6.911592267955307,-39.991815474559125,-48.79170141329246,-20.689885261090566,-7.753658569438529
2025-07-28,-4.009528458731336,-0.4759620117068941,-3.8184791744921336,-3.8389032381494888,-40.22186365547974,-1.5948200498175948,-11.222185643754697,-43.72151879136977,-52.19773746534536,-23.817788755532018,-11.28795761663143
2025-07-29,-5.287050706633429,-1.829411178606667,-5.124731512850129,-5.749407087522019,-40.721258872078195,-1.6873836358305643,-12.381417300637636,-44.86211260110472,-53.28232998692639,-24.28289953118527,-12.176430070279238
2025-07-30,-4.98355417247192,-0.7129339524070183,-4.820714845875658,-5.321980237657527,-41.488311843020476,-1.777315151722715,-13.519448007710189,-45.84484090339082,-54.134309311794894,-25.11230659506819,-13.165795761970239
